url,context,status
"https://ru.wikipedia.org/wiki/%D0%92%D0%B8%D0%BA%D0%B8%D0%BF%D0%B5%D0%B4%D0%B8%D1%8F:%D0%9A_%D1%83%D0%B4%D0%B0%D0%BB%D0%B5%D0%BD%D0%B8%D1%8E/19_%D0%BC%D0%B0%D1%8F_2022#–û–ø–ø–µ–ª—å,_–í–ª–∞–¥–∏–º–∏—Ä_–í–ª–∞–¥–∏–º–∏—Ä–æ–≤–∏—á","–í–∏–∫–∏–ø–µ–¥–∏—è:–ö —É–¥–∞–ª–µ–Ω–∏—é/19 –º–∞—è 2022 ‚Äî –í–∏–∫–∏–ø–µ–¥–∏—è



































–í–∏–∫–∏–ø–µ–¥–∏—è:–ö —É–¥–∞–ª–µ–Ω–∏—é/19 –º–∞—è 2022

–ú–∞—Ç–µ—Ä–∏–∞–ª –∏–∑ –í–∏–∫–∏–ø–µ–¥–∏–∏ ‚Äî —Å–≤–æ–±–æ–¥–Ω–æ–π —ç–Ω—Ü–∏–∫–ª–æ–ø–µ–¥–∏–∏
< –í–∏–∫–∏–ø–µ–¥–∏—è:–ö —É–¥–∞–ª–µ–Ω–∏—é


–ü–µ—Ä–µ–π—Ç–∏ –∫ –Ω–∞–≤–∏–≥–∞—Ü–∏–∏
–ü–µ—Ä–µ–π—Ç–∏ –∫ –ø–æ–∏—Å–∫—É


–ù–∞—á–∏–Ω–∞—é—â–∏–º
–°–æ–æ–±—â–µ—Å—Ç–≤–æ
–ü–æ—Ä—Ç–∞–ª—ã
–ò–∑–±—Ä–∞–Ω–Ω–æ–µ
–ü—Ä–æ–µ–∫—Ç—ã
–ó–∞–ø—Ä–æ—Å—ã
–û—Ü–µ–Ω–∏–≤–∞–Ω–∏–µ




–ö —É–¥–∞–ª–µ–Ω–∏—é
11 –æ–∫—Ç—è–±—Ä—è
12 –æ–∫—Ç—è–±—Ä—è
13 –æ–∫—Ç—è–±—Ä—è
14 –æ–∫—Ç—è–±—Ä—è
15 –æ–∫—Ç—è–±—Ä—è
16 –æ–∫—Ç—è–±—Ä—è
17 –æ–∫—Ç—è–±—Ä—è
18 –æ–∫—Ç—è–±—Ä—è
19 –æ–∫—Ç—è–±—Ä—è 

–°–º. —Ç–∞–∫–∂–µ
—Å–ø–∏—Å–æ–∫ –≤—Å–µ—Ö –∫–∞–Ω–¥–∏–¥–∞—Ç–æ–≤ –Ω–∞ —É–¥–∞–ª–µ–Ω–∏–µ
–ø—Ä–æ–µ–∫—Ç—ã
–ö –≤–æ—Å—Å—Ç–∞–Ω–æ–≤–ª–µ–Ω–∏—é
–ö —É–ª—É—á—à–µ–Ω–∏—é
–ö –æ–±—ä–µ–¥–∏–Ω–µ–Ω–∏—é
–ö —Ä–∞–∑–¥–µ–ª–µ–Ω–∏—é
–ö –ø–µ—Ä–µ–∏–º–µ–Ω–æ–≤–∞–Ω–∏—é

¬†|¬†


–ü–æ–º–Ω–∏—Ç–µ, —á—Ç–æ ¬´–ö —É–¥–∞–ª–µ–Ω–∏—é¬ª¬†‚Äî –Ω–µ –≥–æ–ª–æ—Å–æ–≤–∞–Ω–∏–µ, –∞ –æ–±—Å—É–∂–¥–µ–Ω–∏–µ. –ù–µ–∞—Ä–≥—É–º–µ–Ω—Ç–∏—Ä–æ–≤–∞–Ω–Ω—ã–µ –≥–æ–ª–æ—Å–∞ –Ω–µ —É—á–∏—Ç—ã–≤–∞—é—Ç—Å—è!
–°–æ–¥–µ—Ä–∂–∞–Ω–∏–µ

1 –ü—Ä–∏—Å—Ç–∞–π–∫–æ, –í–ª–∞–¥–∏–º–∏—Ä –ò–ª—å–∏—á

1.1 –ò—Ç–æ–≥


2 –û–±—ä–µ–∫—Ç—ã NGC

2.1 NGC 3243
2.2 NGC 3246
2.3 –ü–æ –≤—Å–µ–º
2.4 –ò—Ç–æ–≥


3 –ó–≤—ë–∑–¥—ã

3.1 IN –ë–ª–∏–∑–Ω–µ—Ü–æ–≤
3.2 IO –ë–ª–∏–∑–Ω–µ—Ü–æ–≤
3.3 –ü–æ –≤—Å–µ–º


4 –§–∞–π–ª:–ñ–º–∞–µ–≤ –ù.–†. (–¥–ª—è —Å–ø–∏—Å–∫–∞).jpg

4.1 –ê–≤—Ç–æ–∏—Ç–æ–≥


5 SH1
6 Lenovo Yoga Tab
7 –í—Å–µ–ª–µ–Ω–Ω–∞—è ¬´–û—á–µ–Ω—å —Å—Ç—Ä–∞–Ω–Ω—ã—Ö –¥–µ–ª¬ª

7.1 –ê–≤—Ç–æ–∏—Ç–æ–≥


8 –ö—É–±–æ–∫ –í–µ–Ω–≥—Ä–∏–∏ –ø–æ —Ñ—É—Ç–±–æ–ª—É 2021/2022

8.1 –ü—Ä–µ–¥–≤–∞—Ä–∏—Ç–µ–ª—å–Ω—ã–π –∏—Ç–æ–≥
8.2 –ò—Ç–æ–≥


9  –ö–∞—Ä–º–∏–ª–∏—Ü—ã–Ω, –ê–ª–µ–∫—Å–µ–π –õ–∞–≤—Ä–µ–Ω—Ç—å–µ–≤–∏—á 

9.1 –ò—Ç–æ–≥


10 –ö–ª–∞–≤–∏–∞—Ç—É—Ä–∞ (–±–ª–æ–∫ –Æ–Ω–∏–∫–æ–¥–∞)
11 –ù–∏–∫–∏—Ç–∏–Ω–∞, –ò—Ä–∏–Ω–∞ –ê—Ä–∫–∞–¥—å–µ–≤–Ω–∞

11.1 –ò—Ç–æ–≥


12 –ö–∞–ø–∞–Ω–æ–≤, –ê–¥–∞–º –ê–¥–∞–º–±–µ–∫–æ–≤–∏—á
13 –ú–∞–ª–æ—Ñ–µ–µ–≤, –ö–∏—Ä–∏–ª–ª –ö–æ–Ω—Å—Ç–∞–Ω—Ç–∏–Ω–æ–≤–∏—á

13.1 –ò—Ç–æ–≥


14 –ú–µ—Å—Ç–Ω—ã–µ –≤—ã–±–æ—Ä—ã –≤ –î–Ω–µ–ø—Ä–æ–ø–µ—Ç—Ä–æ–≤—Å–∫–æ–π –æ–±–ª–∞—Å—Ç–∏ (2020)
15 –ë–∞—à–∫–∏—Ä—ç–Ω–µ—Ä–≥–æ
16 –≠–º–º–∞–Ω—É—ç–ª—å (—Ñ–∏–ª—å–º, –∑–Ω–∞—á–µ–Ω–∏—è)
17 –†–µ–º–±–∞–∑–∞ (–ö–∏–µ–≤)
18 –ö—Ä–∞–∂–∞ —É–∫—Ä–∞–∏–Ω—Å–∫–æ–≥–æ –∑–µ—Ä–Ω–∞ –†–æ—Å—Å–∏–µ–π

18.1 –ü—Ä–µ–¥–≤–∞—Ä–∏—Ç–µ–ª—å–Ω—ã–π –∏—Ç–æ–≥
18.2 –ò—Ç–æ–≥


19 Imperial Esports
20 –û–ø–ø–µ–ª—å, –í–ª–∞–¥–∏–º–∏—Ä –í–ª–∞–¥–∏–º–∏—Ä–æ–≤–∏—á
21 –í—É–¥—Ä–∞—Ñ—Ñ, –†–æ–±–µ—Ä—Ç

21.1 –ò—Ç–æ–≥


22 –£–≥—Ä–µ—à—Å–∫–∏–π –ø—É—Ç–µ–ø—Ä–æ–≤–æ–¥


–ü—Ä–∏—Å—Ç–∞–π–∫–æ, –í–ª–∞–¥–∏–º–∏—Ä –ò–ª—å–∏—á
 –°–ø–∏—Å–æ–∫ —É–¥–∞–ª—è–≤—à–∏—Ö—Å—è —Å—Ç–∞—Ç–µ–π —Å –ø–æ—Ö–æ–∂–∏–º –∏–º–µ–Ω–µ–º: –Ω–∞–π–¥–µ–Ω–∞ 1 —Å—Ç–∞—Ç—å—è. -- QBA-II-bot (–æ–±—Å.) 04:13, 19 –º–∞—è 2022 (UTC)–û—Ç–≤–µ—Ç–∏—Ç—å[–æ—Ç–≤–µ—Ç–∏—Ç—å]
–ù–µ—Ç —Å–æ–æ—Ç–≤–µ—Ç—Å—Ç–≤–∏—è –∫—Ä–∏—Ç–µ—Ä–∏—è–º –í–ü:–í–û–ï–ù–ù–´–ï –∏–ª–∏ –í–ü:–°–ò–õ–û–í–ò–ö–ò: —Å–∞–º–∞—è –≤—ã—Å–æ–∫–∞—è –¥–æ–ª–∂–Ω–æ—Å—Ç—å -  –∑–∞–º–µ—Å—Ç–∏—Ç–µ–ª—å –ø—Ä–µ–¥—Å–µ–¥–∞—Ç–µ–ª—è –°–ë–£ ‚Äî 78.29.98.122 04:10, 19 –º–∞—è 2022 (UTC)–û—Ç–≤–µ—Ç–∏—Ç—å[–æ—Ç–≤–µ—Ç–∏—Ç—å]

–ê–≤—Ç–æ—Ä —Ä—è–¥–∞ —Ä–∞–±–æ—Ç (–¥–æ–±–∞–≤–ª–µ–Ω–æ), –æ–±—â–µ—Å—Ç–≤–µ–Ω–Ω—ã–π –¥–µ—è—Ç–µ–ª—å. –û—Å—Ç–∞–≤–∏—Ç—å. ‚Äî –ß–µ—Ä–Ω–µ—Ü–∫–∞—è (–æ–±—Å.) 10:33, 21 –º–∞—è 2022 (UTC)–û—Ç–≤–µ—Ç–∏—Ç—å[–æ—Ç–≤–µ—Ç–∏—Ç—å]
–ò—Ç–æ–≥
–ù–µ—Å–æ–æ—Ç–≤–µ—Ç—Å—Ç–≤–∏–µ —Ñ–æ—Ä–º–∞–ª—å–Ω—ã–º –∫—Ä–∏—Ç–µ—Ä–∏—è–º —ç–Ω—Ü–∏–∫–ª–æ–ø–µ–¥–∏—á–µ—Å–∫–æ–π –∑–Ω–∞—á–∏–º–æ—Å—Ç–∏ –¥–ª—è –¥–µ—è—Ç–µ–ª–µ–π —Å–∏–ª–æ–≤—ã—Ö —Å—Ç—Ä—É–∫—Ç—É—Ä —É—Å—É–≥—É–±–ª—è–µ—Ç—Å—è –æ—Ç—Å—É—Ç—Å—Ç–≤–∏–µ–º –≤ —Å—Ç–∞—Ç—å–µ —Ñ–∞–∫—Ç–∏—á–µ—Å–∫–æ–π –∏–Ω—Ñ–æ—Ä–º–∞—Ü–∏–∏ –æ –¥–µ—è—Ç–µ–ª—å–Ω–æ—Å—Ç–∏ –ø–µ—Ä—Å–æ–Ω—ã –Ω–∞ –ª—é–±–æ–π –∏–∑ –¥–æ–ª–∂–Ω–æ—Å—Ç–µ–π. –£–¥–∞–ª–µ–Ω–æ. –î–∂–µ–∫–∞–ª–æ–ø (–æ–±—Å.) 19:52, 25 –º–∞—è 2022 (UTC)–û—Ç–≤–µ—Ç–∏—Ç—å[–æ—Ç–≤–µ—Ç–∏—Ç—å]

–û–±—ä–µ–∫—Ç—ã NGC
NGC 3243
 –°–ø–∏—Å–æ–∫ —É–¥–∞–ª—è–≤—à–∏—Ö—Å—è —Å—Ç–∞—Ç–µ–π —Å –ø–æ—Ö–æ–∂–∏–º –∏–º–µ–Ω–µ–º: –Ω–∞–π–¥–µ–Ω–∞ 1 —Å—Ç–∞—Ç—å—è. -- QBA-II-bot (–æ–±—Å.) 04:43, 19 –º–∞—è 2022 (UTC)–û—Ç–≤–µ—Ç–∏—Ç—å[–æ—Ç–≤–µ—Ç–∏—Ç—å]
NGC 3246
 –°–ø–∏—Å–æ–∫ —É–¥–∞–ª—è–≤—à–∏—Ö—Å—è —Å—Ç–∞—Ç–µ–π —Å –ø–æ—Ö–æ–∂–∏–º –∏–º–µ–Ω–µ–º: –Ω–∞–π–¥–µ–Ω–∞ 1 —Å—Ç–∞—Ç—å—è. -- QBA-II-bot (–æ–±—Å.) 04:43, 19 –º–∞—è 2022 (UTC)–û—Ç–≤–µ—Ç–∏—Ç—å[–æ—Ç–≤–µ—Ç–∏—Ç—å]
–ü–æ –≤—Å–µ–º
–ó–Ω–∞—á–∏–º–æ—Å—Ç—å –Ω–µ –ø–æ–∫–∞–∑–∞–Ω–∞. –ì–æ–≥–æ–ª—å –ú (—Å—Ç—Ä–∞–Ω–∏—Ü–∞ –æ–±—Å—É–∂–¥–µ–Ω–∏—è | –≤–∫–ª–∞–¥) 04:35, 19 –º–∞—è 2022 (UTC)–û—Ç–≤–µ—Ç–∏—Ç—å[–æ—Ç–≤–µ—Ç–∏—Ç—å]

–ù–∏—á–µ–≥–æ –æ—Å–æ–±–µ–Ω–Ω–æ–≥–æ –Ω–µ –Ω–∞—à—ë–ª. Vallastro (–æ–±—Å.) 10:02, 19 –º–∞—è 2022 (UTC)–û—Ç–≤–µ—Ç–∏—Ç—å[–æ—Ç–≤–µ—Ç–∏—Ç—å]
–ò—Ç–æ–≥
–ù–µ—Ç—Ä–∏–≤–∏–∞–ª—å–Ω–æ–π –∏–Ω—Ñ–æ—Ä–º–∞—Ü–∏–∏ —Ç–∞–∫ –∏ –Ω–µ –¥–æ–±–∞–≤–ª–µ–Ω–æ, –æ–±–µ —Å—Ç–∞—Ç—å–∏ —É–¥–∞–ª–µ–Ω—ã. Vallastro (–æ–±—Å.) 10:30, 3 –∏—é–Ω—è 2022 (UTC)–û—Ç–≤–µ—Ç–∏—Ç—å[–æ—Ç–≤–µ—Ç–∏—Ç—å] –ò—Ç–æ–≥ –ø–æ–¥–≤–µ–¥—ë–Ω –Ω–∞ –ø—Ä–∞–≤–∞—Ö –ø–æ–¥–≤–æ–¥—è—â–µ–≥–æ –∏—Ç–æ–≥–∏ –∏ –º–æ–∂–µ—Ç –±—ã—Ç—å –æ—Å–ø–æ—Ä–µ–Ω –≤ —É–ø—Ä–æ—â—ë–Ω–Ω–æ–º –ø–æ—Ä—è–¥–∫–µ.

–ó–≤—ë–∑–¥—ã
IN –ë–ª–∏–∑–Ω–µ—Ü–æ–≤
–í–ü:–û–ö–ó Saydhusein (–æ–±—Å.) 13:39, 30 –º–∞—è 2022 (UTC)–û—Ç–≤–µ—Ç–∏—Ç—å[–æ—Ç–≤–µ—Ç–∏—Ç—å]
IO –ë–ª–∏–∑–Ω–µ—Ü–æ–≤
–ü–æ –≤—Å–µ–º
–ó–Ω–∞—á–∏–º–æ—Å—Ç—å –Ω–µ –ø–æ–∫–∞–∑–∞–Ω–∞, —Å—Å—ã–ª–∫–∏ —Ç–æ–ª—å–∫–æ –Ω–∞ –∫–∞—Ç–∞–ª–æ–≥–∏ –∏ –±–∞–∑—ã –¥–∞–Ω–Ω—ã—Ö. –ì–æ–≥–æ–ª—å –ú (—Å—Ç—Ä–∞–Ω–∏—Ü–∞ –æ–±—Å—É–∂–¥–µ–Ω–∏—è | –≤–∫–ª–∞–¥) 04:36, 19 –º–∞—è 2022 (UTC)–û—Ç–≤–µ—Ç–∏—Ç—å[–æ—Ç–≤–µ—Ç–∏—Ç—å]

–§–∞–π–ª:–ñ–º–∞–µ–≤ –ù.–†. (–¥–ª—è —Å–ø–∏—Å–∫–∞).jpg
–ê–≤—Ç–æ–º–∞—Ç–∏—á–µ—Å–∫–∏–π –ø–µ—Ä–µ–Ω–æ—Å —Å—Ç–∞—Ç—å–∏ —Å –±—ã—Å—Ç—Ä–æ–≥–æ —É–¥–∞–ª–µ–Ω–∏—è –ø–æ—Å–ª–µ 7 –¥–Ω–µ–π –Ω–∞—Ö–æ–∂–¥–µ–Ω–∏—è —Ç–∞–º.–ü–µ—Ä–≤—ã–π —à–∞–±–ª–æ–Ω –ö–ë–£ –±—ã–ª —É—Å—Ç–∞–Ω–æ–≤–ª–µ–Ω 05 –º–∞—è 2022 –≥–æ–¥–∞ –≤ 01:19 (–ø–æ UTC) —É—á–∞—Å—Ç–Ω–∏—Ü–µ–π PlanespotterA320.–ù–∞ –º–æ–º–µ–Ω—Ç –ø–µ—Ä–µ–Ω–æ—Å–∞ –≤ —Å—Ç–∞—Ç—å–µ –ø—Ä–∏—Å—É—Ç—Å—Ç–≤–æ–≤–∞–ª–∏ —Å–ª–µ–¥—É—é—â–∏–µ —à–∞–±–ª–æ–Ω—ã –±—ã—Å—Ç—Ä–æ–≥–æ —É–¥–∞–ª–µ–Ω–∏—è:

(–ö–ë–£) –î—Ä—É–≥–∞—è –ø—Ä–∏—á–∏–Ω–∞. –ü–æ—è—Å–Ω–µ–Ω–∏–µ: Unused, low quality
-- QBA-II-bot (–æ–±—Å.) 07:32, 19 –º–∞—è 2022 (UTC)–û—Ç–≤–µ—Ç–∏—Ç—å[–æ—Ç–≤–µ—Ç–∏—Ç—å]

–ê–≤—Ç–æ–∏—Ç–æ–≥
–°—Ç—Ä–∞–Ω–∏—Ü–∞ –±—ã–ª–∞ —É–¥–∞–ª–µ–Ω–∞ 20 –º–∞—è 2022 –≤ 07:57 (UTC) —É—á–∞—Å—Ç–Ω–∏–∫–æ–º Well-Informed Optimist. –ë—ã–ª–∞ —É–∫–∞–∑–∞–Ω–∞ —Å–ª–µ–¥—É—é—â–∞—è –ø—Ä–∏—á–∏–Ω–∞: ¬´–§9: –Ω–∞—Ä—É—à–µ–Ω–∏–µ –í–ü:–ù–ï–•–û–°–¢–ò–ù–ì: —Å–æ–≥–ª–∞—Å–Ω–æ –í–∏–∫–∏–ø–µ–¥–∏—è:–ö —É–¥–∞–ª–µ–Ω–∏—é/19 –º–∞—è 2022#–§–∞–π–ª:–ñ–º–∞–µ–≤ –ù.–†. (–¥–ª—è —Å–ø–∏—Å–∫–∞).jpg¬ª. –î–∞–Ω–Ω–æ–µ —Å–æ–æ–±—â–µ–Ω–∏–µ –±—ã–ª–æ –∞–≤—Ç–æ–º–∞—Ç–∏—á–µ—Å–∫–∏ —Å–≥–µ–Ω–µ—Ä–∏—Ä–æ–≤–∞–Ω–æ –±–æ—Ç–æ–º BotDR (–æ–±—Å.) 00:25, 21 –º–∞—è 2022 (UTC).–û—Ç–≤–µ—Ç–∏—Ç—å[–æ—Ç–≤–µ—Ç–∏—Ç—å]

SH1
–ê–≤—Ç–æ–º–∞—Ç–∏—á–µ—Å–∫–∏–π –ø–µ—Ä–µ–Ω–æ—Å —Å—Ç–∞—Ç—å–∏ —Å –±—ã—Å—Ç—Ä–æ–≥–æ —É–¥–∞–ª–µ–Ω–∏—è –ø–æ—Å–ª–µ 7 –¥–Ω–µ–π –Ω–∞—Ö–æ–∂–¥–µ–Ω–∏—è —Ç–∞–º.–ü–µ—Ä–≤—ã–π —à–∞–±–ª–æ–Ω –ö–ë–£ –±—ã–ª —É—Å—Ç–∞–Ω–æ–≤–ª–µ–Ω 11 –º–∞—è 2022 –≥–æ–¥–∞ –≤ 09:06 (–ø–æ UTC) —É—á–∞—Å—Ç–Ω–∏–∫–æ–º Nickel nitride.–ù–∞ –º–æ–º–µ–Ω—Ç –ø–µ—Ä–µ–Ω–æ—Å–∞ –≤ —Å—Ç–∞—Ç—å–µ –ø—Ä–∏—Å—É—Ç—Å—Ç–≤–æ–≤–∞–ª–∏ —Å–ª–µ–¥—É—é—â–∏–µ —à–∞–±–ª–æ–Ω—ã –±—ã—Å—Ç—Ä–æ–≥–æ —É–¥–∞–ª–µ–Ω–∏—è:

(–°1) –ü—É—Å—Ç–∞—è –∏–ª–∏ –æ—á–µ–Ω—å –∫–æ—Ä–æ—Ç–∫–∞—è —Å—Ç–∞—Ç—å—è
-- QBA-II-bot (–æ–±—Å.) 07:32, 19 –º–∞—è 2022 (UTC)–û—Ç–≤–µ—Ç–∏—Ç—å[–æ—Ç–≤–µ—Ç–∏—Ç—å]

Lenovo Yoga Tab
–ê–≤—Ç–æ–º–∞—Ç–∏—á–µ—Å–∫–∏–π –ø–µ—Ä–µ–Ω–æ—Å —Å—Ç–∞—Ç—å–∏ —Å –±—ã—Å—Ç—Ä–æ–≥–æ —É–¥–∞–ª–µ–Ω–∏—è –ø–æ—Å–ª–µ 7 –¥–Ω–µ–π –Ω–∞—Ö–æ–∂–¥–µ–Ω–∏—è —Ç–∞–º.–ü–µ—Ä–≤—ã–π —à–∞–±–ª–æ–Ω –ö–ë–£ –±—ã–ª —É—Å—Ç–∞–Ω–æ–≤–ª–µ–Ω 11 –º–∞—è 2022 –≥–æ–¥–∞ –≤ 09:45 (–ø–æ UTC) —É—á–∞—Å—Ç–Ω–∏–∫–æ–º –í–ª–∞–¥–ª–µ–Ω –ú–∞–Ω–∏–ª–æ–≤.–ù–∞ –º–æ–º–µ–Ω—Ç –ø–µ—Ä–µ–Ω–æ—Å–∞ –≤ —Å—Ç–∞—Ç—å–µ –ø—Ä–∏—Å—É—Ç—Å—Ç–≤–æ–≤–∞–ª–∏ —Å–ª–µ–¥—É—é—â–∏–µ —à–∞–±–ª–æ–Ω—ã –±—ã—Å—Ç—Ä–æ–≥–æ —É–¥–∞–ª–µ–Ω–∏—è:

(DS) –û—Ç–ª–æ–∂–µ–Ω–Ω–æ–µ –±—ã—Å—Ç—Ä–æ–µ —É–¥–∞–ª–µ–Ω–∏–µ. –î–∞—Ç–∞ —É—Å—Ç–∞–Ω–æ–≤–∫–∏: 09:45, 11 –º–∞—è 2022 (UTC)
-- QBA-II-bot (–æ–±—Å.) 07:33, 19 –º–∞—è 2022 (UTC)–û—Ç–≤–µ—Ç–∏—Ç—å[–æ—Ç–≤–µ—Ç–∏—Ç—å]

 –£–¥–∞–ª–∏—Ç—å –∏–ª–∏ –ø–æ–ª–Ω–æ—Å—Ç—å—é –ø–µ—Ä–µ–ø–∏—Å–∞—Ç—å. –¶–∏—Ç–∞—Ç–∞: –æ—Ç–ª–∏—á–∞—é—â–∏—Ö—Å—è –æ—Å–æ–±—ã–º –¥–∏–∑–∞–π–Ω–æ–º —Å —è—Ä–∫–æ –≤—ã—Ä–∞–∂–µ–Ω–Ω–æ–π –æ–±–ª–∞—Å—Ç—å—é –¥–ª—è —É–¥–æ–±–Ω–æ–≥–æ —Ö–≤–∞—Ç–∞. –≠—Ç–æ —Ä–µ–∫–ª–∞–º–Ω–∞—è —Å—Ç–∞—Ç—å—è, –Ω–µ —Å–æ–æ—Ç–≤–µ—Ç—Å—Ç–≤—É—é—â–∞—è –í–ü:–ù–¢–ó. –¢–∞–∫–∂–µ –µ—Å—Ç—å —Å–ø–∏—Å–æ–∫ –º–æ–¥–µ–ª–µ–π –±–µ–∑ –∏—Å—Ç–æ—á–Ω–∏–∫–æ–≤. –ó–Ω–∞—á–∏–º–æ—Å—Ç—å, —Ç–µ–º –Ω–µ –º–µ–Ω–µ–µ, –ø–æ–∫–∞–∑–∞–Ω–∞ –Ω–∞–≥—Ä–∞–¥–∞–º–∏ (–∏ —É –Ω–∏—Ö –∏—Å—Ç–æ—á–Ω–∏–∫–∏ –µ—Å—Ç—å); –Ω–æ —ç—Ç–æ –Ω–µ –ø—Ä–∏—á–∏–Ω–∞ –æ—Å—Ç–∞–≤–ª—è—Ç—å —Å—Ç–∞—Ç—å—é —Ä–µ–∫–ª–∞–º–Ω–æ–π. ‚Äî PavelKV (–æ–±—Å.) 14:55, 19 –º–∞—è 2022 (UTC)–û—Ç–≤–µ—Ç–∏—Ç—å[–æ—Ç–≤–µ—Ç–∏—Ç—å]
–í—Å–µ–ª–µ–Ω–Ω–∞—è ¬´–û—á–µ–Ω—å —Å—Ç—Ä–∞–Ω–Ω—ã—Ö –¥–µ–ª¬ª
 –°–ø–∏—Å–æ–∫ —É–¥–∞–ª—è–≤—à–∏—Ö—Å—è —Å—Ç–∞—Ç–µ–π —Å –ø–æ—Ö–æ–∂–∏–º –∏–º–µ–Ω–µ–º: –Ω–∞–π–¥–µ–Ω–∞ 1 —Å—Ç–∞—Ç—å—è. -- QBA-II-bot (–æ–±—Å.) 07:42, 19 –º–∞—è 2022 (UTC)–û—Ç–≤–µ—Ç–∏—Ç—å[–æ—Ç–≤–µ—Ç–∏—Ç—å]
–ê–≤—Ç–æ–º–∞—Ç–∏—á–µ—Å–∫–∏–π –ø–µ—Ä–µ–Ω–æ—Å —Å—Ç–∞—Ç—å–∏ —Å –±—ã—Å—Ç—Ä–æ–≥–æ —É–¥–∞–ª–µ–Ω–∏—è –ø–æ—Å–ª–µ 7 –¥–Ω–µ–π –Ω–∞—Ö–æ–∂–¥–µ–Ω–∏—è —Ç–∞–º.–ü–µ—Ä–≤—ã–π —à–∞–±–ª–æ–Ω –ö–ë–£ –±—ã–ª —É—Å—Ç–∞–Ω–æ–≤–ª–µ–Ω 12 –º–∞—è 2022 –≥–æ–¥–∞ –≤ 05:26 (–ø–æ UTC) —É—á–∞—Å—Ç–Ω–∏–∫–æ–º 2.92.244.76.–ù–∞ –º–æ–º–µ–Ω—Ç –ø–µ—Ä–µ–Ω–æ—Å–∞ –≤ —Å—Ç–∞—Ç—å–µ –ø—Ä–∏—Å—É—Ç—Å—Ç–≤–æ–≤–∞–ª–∏ —Å–ª–µ–¥—É—é—â–∏–µ —à–∞–±–ª–æ–Ω—ã –±—ã—Å—Ç—Ä–æ–≥–æ —É–¥–∞–ª–µ–Ω–∏—è:

(–°5) –°—Ç–∞—Ç—å—è –±–µ–∑ –¥–æ–∫–∞–∑–∞—Ç–µ–ª—å—Å—Ç–≤ —ç–Ω—Ü–∏–∫–ª–æ–ø–µ–¥–∏—á–µ—Å–∫–æ–π –∑–Ω–∞—á–∏–º–æ—Å—Ç–∏
(–û8) –ö–æ–ø–∏—è —Å—É—â–µ—Å—Ç–≤—É—é—â–µ–π —Å—Ç—Ä–∞–Ω–∏—Ü—ã: –û—á–µ–Ω—å —Å—Ç—Ä–∞–Ω–Ω—ã–µ –¥–µ–ª–∞
-- QBA-II-bot (–æ–±—Å.) 07:33, 19 –º–∞—è 2022 (UTC)–û—Ç–≤–µ—Ç–∏—Ç—å[–æ—Ç–≤–µ—Ç–∏—Ç—å]

 –ë—ã—Å—Ç—Ä–æ —É–¥–∞–ª–∏—Ç—å. –ñ—É—Ç–∫–æ–µ –∫–æ–ø–∏–≤–æ. ‚Äî ùîñùîûùî´ùî° ùîéùîûùî∞ùî±ùî©ùî¢ 17  (–æ–±—Å.) 11:26, 19 –º–∞—è 2022 (UTC)–û—Ç–≤–µ—Ç–∏—Ç—å[–æ—Ç–≤–µ—Ç–∏—Ç—å]
–ê–≤—Ç–æ–∏—Ç–æ–≥
–°—Ç—Ä–∞–Ω–∏—Ü–∞ –±—ã–ª–∞ —É–¥–∞–ª–µ–Ω–∞ 19 –º–∞—è 2022 –≤ 17:16 (UTC) —É—á–∞—Å—Ç–Ω–∏–∫–æ–º Ignatus. –ë—ã–ª–∞ —É–∫–∞–∑–∞–Ω–∞ —Å–ª–µ–¥—É—é—â–∞—è –ø—Ä–∏—á–∏–Ω–∞: ¬´–û11: —è–≤–Ω–æ–µ –Ω–∞—Ä—É—à–µ–Ω–∏–µ –∞–≤—Ç–æ—Ä—Å–∫–∏—Ö –ø—Ä–∞–≤; —Å–æ–¥–µ—Ä–∂–∏–º–æ–µ —Å–∫–æ–ø–∏—Ä–æ–≤–∞–Ω–æ —Å https://strangerthings.ru/articles1/polnyy-gid-po-vselennoy-seriala.php¬ª. –î–∞–Ω–Ω–æ–µ —Å–æ–æ–±—â–µ–Ω–∏–µ –±—ã–ª–æ –∞–≤—Ç–æ–º–∞—Ç–∏—á–µ—Å–∫–∏ —Å–≥–µ–Ω–µ—Ä–∏—Ä–æ–≤–∞–Ω–æ –±–æ—Ç–æ–º BotDR (–æ–±—Å.) 00:25, 20 –º–∞—è 2022 (UTC).–û—Ç–≤–µ—Ç–∏—Ç—å[–æ—Ç–≤–µ—Ç–∏—Ç—å]

–ö—É–±–æ–∫ –í–µ–Ω–≥—Ä–∏–∏ –ø–æ —Ñ—É—Ç–±–æ–ª—É 2021/2022
–ê–≤—Ç–æ–º–∞—Ç–∏—á–µ—Å–∫–∏–π –ø–µ—Ä–µ–Ω–æ—Å —Å—Ç–∞—Ç—å–∏ —Å –±—ã—Å—Ç—Ä–æ–≥–æ —É–¥–∞–ª–µ–Ω–∏—è –ø–æ—Å–ª–µ 7 –¥–Ω–µ–π –Ω–∞—Ö–æ–∂–¥–µ–Ω–∏—è —Ç–∞–º.–ü–µ—Ä–≤—ã–π —à–∞–±–ª–æ–Ω –ö–ë–£ –±—ã–ª —É—Å—Ç–∞–Ω–æ–≤–ª–µ–Ω 11 –º–∞—è 2022 –≥–æ–¥–∞ –≤ 09:10 (–ø–æ UTC) —É—á–∞—Å—Ç–Ω–∏–∫–æ–º Skazi.–ù–∞ –º–æ–º–µ–Ω—Ç –ø–µ—Ä–µ–Ω–æ—Å–∞ –≤ —Å—Ç–∞—Ç—å–µ –ø—Ä–∏—Å—É—Ç—Å—Ç–≤–æ–≤–∞–ª–∏ —Å–ª–µ–¥—É—é—â–∏–µ —à–∞–±–ª–æ–Ω—ã –±—ã—Å—Ç—Ä–æ–≥–æ —É–¥–∞–ª–µ–Ω–∏—è:

(–û8) –ö–æ–ø–∏—è —Å—É—â–µ—Å—Ç–≤—É—é—â–µ–π —Å—Ç—Ä–∞–Ω–∏—Ü—ã: –ß–µ–º–ø–∏–æ–Ω–∞—Ç –í–µ–Ω–≥—Ä–∏–∏ –ø–æ —Ñ—É—Ç–±–æ–ª—É 2021/2022
-- QBA-II-bot (–æ–±—Å.) 07:33, 19 –º–∞—è 2022 (UTC)–û—Ç–≤–µ—Ç–∏—Ç—å[–æ—Ç–≤–µ—Ç–∏—Ç—å]

–°–∞–º–∞ –ø—Ä–∏—á–∏–Ω–∞ –ö–ë–£ –∞–±—Å—É—Ä–¥–Ω–∞, –ù–û —Å—Ç–∞—Ç—å—é –Ω–∞–¥–æ —Å–ø–∞—Å–∞—Ç—å. ‚Äî ùîñùîûùî´ùî° ùîéùîûùî∞ùî±ùî©ùî¢ 17  (–æ–±—Å.) 11:26, 19 –º–∞—è 2022 (UTC)–û—Ç–≤–µ—Ç–∏—Ç—å[–æ—Ç–≤–µ—Ç–∏—Ç—å]
Skazi. –í –¥–∞–Ω–Ω–æ–º –≤–∏–¥–µ  –£–¥–∞–ª–∏—Ç—å. –ù–æ —ç—Ç–æ –Ω–µ —Ñ–æ—Ä–∫, —Ç–∞–∫ –∫–∞–∫ –∫—É–±–æ–∫ –∏ —á–µ–º–ø–∏–æ–Ω–∞—Ç ‚Äî —ç—Ç–æ —Ä–∞–∑–Ω—ã–µ —Ç—É—Ä–Ω–∏—Ä—ã. Oleg3280 (–æ–±—Å.) 13:14, 25 –º–∞—è 2022 (UTC)–û—Ç–≤–µ—Ç–∏—Ç—å[–æ—Ç–≤–µ—Ç–∏—Ç—å]
–ü—Ä–µ–¥–≤–∞—Ä–∏—Ç–µ–ª—å–Ω—ã–π –∏—Ç–æ–≥
–ï—Å–ª–∏ —É–∂–æ—Å-—É–∂–æ—Å-—É–∂–æ—Å –Ω–µ –∏—Å–ø—Ä–∞–≤—è—Ç, —Ç–æ —ç—Ç–æ –ö–ë–£ –ø–æ –°1.‚Äî –§—É—Ç–±–æ–ª–ª–æ (–æ–±—Å.) 08:47, 21 –º–∞—è 2022 (UTC)–û—Ç–≤–µ—Ç–∏—Ç—å[–æ—Ç–≤–µ—Ç–∏—Ç—å]

–ò—Ç–æ–≥
–ó–∞ –≤—Ä–µ–º—è –Ω–∞—Ö–æ–∂–¥–µ–Ω–∏—è –Ω–∞ –ö–£ –Ω–∏–∫—Ç–æ —Å–ø–∞—Å–∞—Ç—å —Å—Ç–∞—Ç—å—é –Ω–µ –∑–∞—Ö–æ—Ç–µ–ª. –í –Ω–µ–π —Ç–∞–∫ –∏ –æ—Å—Ç–∞–ª–∞—Å—å —Ç–æ–ª—å–∫–æ —Ç–∞–±–ª–∏—Ü–∞ —Å 1/4 —Ñ–∏–Ω–∞–ª–∞. –£–¥–∞–ª–µ–Ω–æ –ø–æ –Ω–µ—Å–æ–æ—Ç–≤–µ—Ç—Å—Ç–≤–∏—é –í–ü:–ú–¢ –ñ–µ–ª–∞—é—â–∏–º –Ω–∞–ø–∏—Å–∞—Ç—å —Å—Ç–∞—Ç—å—é –æ—Å—Ç–∞–≤–ª—è—é —Å—Å—ã–ª–∫—É –Ω–∞ –∞–Ω–≥–ª–∏–π—Å–∫—É—é –≤–µ—Ä—Å–∏—é en:2021‚Äì22 Magyar Kupa, –Ω–æ —Ç–∞–º —Å –∏—Å—Ç–æ—á–Ω–∏–∫–∞–º–∏ —Ç–æ–∂–µ –Ω–µ –≥—É—Å—Ç–æ. Atylotus (–æ–±—Å.) 05:08, 26 –º–∞—è 2022 (UTC)–û—Ç–≤–µ—Ç–∏—Ç—å[–æ—Ç–≤–µ—Ç–∏—Ç—å]

 –ö–∞—Ä–º–∏–ª–∏—Ü—ã–Ω, –ê–ª–µ–∫—Å–µ–π –õ–∞–≤—Ä–µ–Ω—Ç—å–µ–≤–∏—á 
–ê–≤—Ç–æ–º–∞—Ç–∏—á–µ—Å–∫–∏–π –ø–µ—Ä–µ–Ω–æ—Å —Å—Ç–∞—Ç—å–∏ —Å –±—ã—Å—Ç—Ä–æ–≥–æ —É–¥–∞–ª–µ–Ω–∏—è –ø–æ—Å–ª–µ 7 –¥–Ω–µ–π –Ω–∞—Ö–æ–∂–¥–µ–Ω–∏—è —Ç–∞–º.–ü–µ—Ä–≤—ã–π —à–∞–±–ª–æ–Ω –ö–ë–£ –±—ã–ª —É—Å—Ç–∞–Ω–æ–≤–ª–µ–Ω 11 –º–∞—è 2022 –≥–æ–¥–∞ –≤ 13:11 (–ø–æ UTC) —É—á–∞—Å—Ç–Ω–∏–∫–æ–º Optimizm.–ù–∞ –º–æ–º–µ–Ω—Ç –ø–µ—Ä–µ–Ω–æ—Å–∞ –≤ —Å—Ç–∞—Ç—å–µ –ø—Ä–∏—Å—É—Ç—Å—Ç–≤–æ–≤–∞–ª–∏ —Å–ª–µ–¥—É—é—â–∏–µ —à–∞–±–ª–æ–Ω—ã –±—ã—Å—Ç—Ä–æ–≥–æ —É–¥–∞–ª–µ–Ω–∏—è:

(DS) –û—Ç–ª–æ–∂–µ–Ω–Ω–æ–µ –±—ã—Å—Ç—Ä–æ–µ —É–¥–∞–ª–µ–Ω–∏–µ. –î–∞—Ç–∞ —É—Å—Ç–∞–Ω–æ–≤–∫–∏: 13:11, 11 –º–∞—è 2022 (UTC)
-- QBA-II-bot (–æ–±—Å.) 07:35, 19 –º–∞—è 2022 (UTC)–û—Ç–≤–µ—Ç–∏—Ç—å[–æ—Ç–≤–µ—Ç–∏—Ç—å]

–í–ü:–ù–ï–ú–ï–ú–û–†–ò–ê–õ –∏ –≤–æ–∑–º–æ–∂–Ω–æ –º–∏—Å—Ç–∏—Ñ–∏–∫–∞—Ü–∏—è. ‚Äî ùîñùîûùî´ùî° ùîéùîûùî∞ùî±ùî©ùî¢ 17  (–æ–±—Å.) 11:24, 19 –º–∞—è 2022 (UTC)–û—Ç–≤–µ—Ç–∏—Ç—å[–æ—Ç–≤–µ—Ç–∏—Ç—å]
–ò—Ç–æ–≥
–°—Ç–∞—Ç—å—è –≤ —Ç—Ä–∏ —Å—Ç—Ä–æ—á–∫–∏ –±–µ–∑ –∏—Å—Ç–æ—á–Ω–∏–∫–æ–≤. –í —Å–ø–∏—Å–æ–∫ –≥–µ—Ä–æ–µ–≤ –°–æ–≤–µ—Ç—Å–∫–æ–≥–æ –°–æ—é–∑–∞ –ø–µ—Ä—Å–æ–Ω–∞ –¥–æ–±–∞–≤–ª–µ–Ω–∞ –∞–≤—Ç–æ—Ä–æ–º —ç—Ç–æ–π —Å—Ç–∞—Ç—å–∏. –ü–æ–∏—Å–∫–æ–º –≤ –∏–Ω—Ç–µ—Ä–Ω–µ—Ç–µ –æ –ø–µ—Ä—Å–æ–Ω–µ –Ω–∏—á–µ–≥–æ –Ω–µ –Ω–∞—Ö–æ–¥–∏—Ç—Å—è. –£–¥–∞–ª–µ–Ω–æ –ø–æ –Ω–µ —Å–æ–æ—Ç–≤–µ—Ç—Å—Ç–≤–∏—é –í–ü:–ü–†–û–í. Atylotus (–æ–±—Å.) 14:44, 19 –º–∞—è 2022 (UTC)–û—Ç–≤–µ—Ç–∏—Ç—å[–æ—Ç–≤–µ—Ç–∏—Ç—å]

–ö–ª–∞–≤–∏–∞—Ç—É—Ä–∞ (–±–ª–æ–∫ –Æ–Ω–∏–∫–æ–¥–∞)
–ê–≤—Ç–æ–º–∞—Ç–∏—á–µ—Å–∫–∏–π –ø–µ—Ä–µ–Ω–æ—Å —Å—Ç–∞—Ç—å–∏ —Å –±—ã—Å—Ç—Ä–æ–≥–æ —É–¥–∞–ª–µ–Ω–∏—è –ø–æ—Å–ª–µ 7 –¥–Ω–µ–π –Ω–∞—Ö–æ–∂–¥–µ–Ω–∏—è —Ç–∞–º.–ü–µ—Ä–≤—ã–π —à–∞–±–ª–æ–Ω –ö–ë–£ –±—ã–ª —É—Å—Ç–∞–Ω–æ–≤–ª–µ–Ω 11 –º–∞—è 2022 –≥–æ–¥–∞ –≤ 15:25 (–ø–æ UTC) —É—á–∞—Å—Ç–Ω–∏–∫–æ–º 2A00:1370:8198:B7B6:4D92:7779:4B6C:2EAD.–ù–∞ –º–æ–º–µ–Ω—Ç –ø–µ—Ä–µ–Ω–æ—Å–∞ –≤ —Å—Ç–∞—Ç—å–µ –ø—Ä–∏—Å—É—Ç—Å—Ç–≤–æ–≤–∞–ª–∏ —Å–ª–µ–¥—É—é—â–∏–µ —à–∞–±–ª–æ–Ω—ã –±—ã—Å—Ç—Ä–æ–≥–æ —É–¥–∞–ª–µ–Ω–∏—è:

(–°1) –ü—É—Å—Ç–∞—è –∏–ª–∏ –æ—á–µ–Ω—å –∫–æ—Ä–æ—Ç–∫–∞—è —Å—Ç–∞—Ç—å—è
-- QBA-II-bot (–æ–±—Å.) 07:36, 19 –º–∞—è 2022 (UTC)–û—Ç–≤–µ—Ç–∏—Ç—å[–æ—Ç–≤–µ—Ç–∏—Ç—å]

–ù–∏–∫–∏—Ç–∏–Ω–∞, –ò—Ä–∏–Ω–∞ –ê—Ä–∫–∞–¥—å–µ–≤–Ω–∞
 –°–ø–∏—Å–æ–∫ —É–¥–∞–ª—è–≤—à–∏—Ö—Å—è —Å—Ç–∞—Ç–µ–π —Å –ø–æ—Ö–æ–∂–∏–º –∏–º–µ–Ω–µ–º: –Ω–∞–π–¥–µ–Ω–æ 3 —Å—Ç–∞—Ç—å–∏. -- QBA-II-bot (–æ–±—Å.) 07:43, 19 –º–∞—è 2022 (UTC)–û—Ç–≤–µ—Ç–∏—Ç—å[–æ—Ç–≤–µ—Ç–∏—Ç—å]
–ê–≤—Ç–æ–º–∞—Ç–∏—á–µ—Å–∫–∏–π –ø–µ—Ä–µ–Ω–æ—Å —Å—Ç–∞—Ç—å–∏ —Å –±—ã—Å—Ç—Ä–æ–≥–æ —É–¥–∞–ª–µ–Ω–∏—è –ø–æ—Å–ª–µ 7 –¥–Ω–µ–π –Ω–∞—Ö–æ–∂–¥–µ–Ω–∏—è —Ç–∞–º.–ü–µ—Ä–≤—ã–π —à–∞–±–ª–æ–Ω –ö–ë–£ –±—ã–ª —É—Å—Ç–∞–Ω–æ–≤–ª–µ–Ω 12 –º–∞—è 2022 –≥–æ–¥–∞ –≤ 06:20 (–ø–æ UTC) —É—á–∞—Å—Ç–Ω–∏–∫–æ–º Optimizm.–ù–∞ –º–æ–º–µ–Ω—Ç –ø–µ—Ä–µ–Ω–æ—Å–∞ –≤ —Å—Ç–∞—Ç—å–µ –ø—Ä–∏—Å—É—Ç—Å—Ç–≤–æ–≤–∞–ª–∏ —Å–ª–µ–¥—É—é—â–∏–µ —à–∞–±–ª–æ–Ω—ã –±—ã—Å—Ç—Ä–æ–≥–æ —É–¥–∞–ª–µ–Ω–∏—è:

(DS) –û—Ç–ª–æ–∂–µ–Ω–Ω–æ–µ –±—ã—Å—Ç—Ä–æ–µ —É–¥–∞–ª–µ–Ω–∏–µ. –î–∞—Ç–∞ —É—Å—Ç–∞–Ω–æ–≤–∫–∏: 06:20, 12 –º–∞—è 2022 (UTC)
-- QBA-II-bot (–æ–±—Å.) 07:36, 19 –º–∞—è 2022 (UTC)–û—Ç–≤–µ—Ç–∏—Ç—å[–æ—Ç–≤–µ—Ç–∏—Ç—å]

–ö–æ–ø–∏–ø–∞—Å—Ç—ã —è –Ω–µ –Ω–∞—à–µ–ª, –≤–ø–æ–ª–Ω–µ –¥–æ–ª–∂–Ω–∞ –±—ã—Ç—å –∑–Ω–∞—á–∏–º–æ—Å—Ç—å –∏ –ø–æ –í–ü:–£–ß–° –∏ –ø–æ –í–ü:–ü–†–û–®–õ–û–ï. –ü—Ä–æ—à—É –¥–∞—Ç—å –ø–æ—Ä–∞–±–æ—Ç–∞—Ç—å –Ω–∞–¥ —Å—Ç–∞—Ç—å–µ–π –ø–∞—Ä—É-—Ç—Ä–æ–π–∫—É –¥–Ω–µ–π, –∞ —Ç–∞–º –ø–æ–≥–ª—è–¥–∏–º. –í–°–ï–ü–ò–®–£–©–ò–ô (–æ–±—Å.) 07:44, 19 –º–∞—è 2022 (UTC)–û—Ç–≤–µ—Ç–∏—Ç—å[–æ—Ç–≤–µ—Ç–∏—Ç—å]
–ö–∞–∫ —Å–º–æ–≥ –ø–æ–ø—Ä–∞–≤–∏–ª. –í—Ä–æ–¥–µ –±—ã –ø—Ä–æ—Å–º–∞—Ç—Ä–∏–≤–∞—é—Ç—Å—è –ø–ø. 4, 6 –∏ 7 –í–ü:–£–ß–°, –≤ —Å–æ–≤—Ä–µ–º–µ–Ω–Ω—ã—Ö –Ω–∞—É—á–Ω—ã—Ö —Ä–∞–±–æ—Ç–∞—Ö –Ω–∞ –Ω–µ–µ –¥–æ —Å–∏—Ö –ø–æ—Ä —Å—Å—ã–ª–∞—é—Ç—Å—è (–ø–æ –∏—Å—Ç–æ—Ä–∏–∏ –ê–Ω–≥–ª–æ-–ë—É—Ä—Å–∫–æ–π –≤–æ–π–Ω—ã, –Ω–∞–ø—Ä–∏–º–µ—Ä), —É–ø–æ–º–∏–Ω–∞–µ—Ç—Å—è –≤ –ø–∞—Ä–µ-—Ç—Ä–æ–π–∫–µ –∫–Ω–∏–≥-–≤–æ—Å–ø–æ–º–∏–Ω–∞–Ω–∏–π —É–∂–µ –ø–æ—Å–ª–µ —Å–º–µ—Ä—Ç–∏ (–≤ —Å—Ç–∞—Ç—å–µ –∏—Ö –ø—Ä–∏–≤–æ–¥–∏—Ç—å –Ω–µ —Å—Ç–∞–ª, –Ω–æ –µ—Å–ª–∏ –Ω—É–∂–Ω–æ¬†‚Äî –Ω–µ –ø—Ä–æ–±–ª–µ–º–∞¬†‚Äî –ø—Ä–∏–≤–µ–¥—É). –î–∞–ª–µ–µ¬†‚Äî –∫–∞–∫ —Ä–µ—à–∏—Ç –ü–ò. –í–°–ï–ü–ò–®–£–©–ò–ô (–æ–±—Å.) 10:36, 20 –º–∞—è 2022 (UTC)–û—Ç–≤–µ—Ç–∏—Ç—å[–æ—Ç–≤–µ—Ç–∏—Ç—å]
–°–ø–∞—Å–∏–±–æ, —Ç–µ–ø–µ—Ä—å –º–æ–∂–Ω–æ –∏  –û—Å—Ç–∞–≤–∏—Ç—å. ‚Äî Archivero (–æ–±—Å.) 08:58, 23 –º–∞—è 2022 (UTC)–û—Ç–≤–µ—Ç–∏—Ç—å[–æ—Ç–≤–µ—Ç–∏—Ç—å]
–ò—Ç–æ–≥
–û—Å—Ç–∞–≤–ª–µ–Ω–æ –ø–æ—Å–ª–µ –¥–æ—Ä–∞–±–æ—Ç–∫–∏ ‚Äî Butko (–æ–±—Å.) 12:13, 23 –º–∞—è 2022 (UTC)–û—Ç–≤–µ—Ç–∏—Ç—å[–æ—Ç–≤–µ—Ç–∏—Ç—å]

–ö–∞–ø–∞–Ω–æ–≤, –ê–¥–∞–º –ê–¥–∞–º–±–µ–∫–æ–≤–∏—á
 –ü—Ä–µ–∂–Ω–∏–π –∑–∞–≥–æ–ª–æ–≤–æ–∫: ¬´–ê–¥–∞–º –ö–∞–ø–∞–Ω–æ–≤¬ª
""–ø–∏—Å–∞—Ç–µ–ª—å, –∂—É—Ä–Ω–∞–ª–∏—Å—Ç, —Ä–µ–∂–∏—Å—Å–µ—Ä, –º–µ—Ü–µ–Ω–∞—Ç, –∫–∞–Ω–¥–∏–¥–∞—Ç –±–∏–æ–ª–æ–≥–∏—á–µ—Å–∫–∏—Ö –Ω–∞—É–∫"" - –∏ –≤ –∫–∞–∂–¥–æ–º –∫–∞—á–µ—Å—Ç–≤–µ —Å–æ–æ—Ç–≤–µ—Ç—Å—Ç–≤–∏–µ –ö—Ä–∏—Ç–µ—Ä–∏—è–º –∑–Ω–∞—á–∏–º–æ—Å—Ç–∏ –Ω–µ–æ—á–µ–≤–∏–¥–Ω–æ. –ê–Ω–¥—Ä–µ–π –†–æ–º–∞–Ω–µ–Ω–∫–æ (–æ–±—Å.) 08:03, 19 –º–∞—è 2022 (UTC)–û—Ç–≤–µ—Ç–∏—Ç—å[–æ—Ç–≤–µ—Ç–∏—Ç—å]

–ò–∑ —Å—Ç–∞—Ç—å–∏:–í —á–µ—Å—Ç—å –ê. –ê. –ö–∞–ø–∞–Ω–æ–≤–∞ –Ω–∞–∑–≤–∞–Ω –≤–∏–¥ –±–∞–±–æ—á–∫–∏-–≥–æ–ª—É–±—è–Ω–∫–∏ –∏–∑ –ö–∞–∑–∞—Ö—Å—Ç–∞–Ω–∞ [1] (—Å—Ç—Ä. 164) –∏ –≤–∏–¥ –∂—É–∫–∞-–∂—É–∂–µ–ª–∏—Ü—ã –∏–∑ –°–µ–≤–µ—Ä–æ-–ó–∞–ø–∞–¥–Ω–æ–≥–æ –ö–∞–∑–∞—Ö—Å—Ç–∞–Ω–∞ [2].–¢–æ –µ—Å—Ç—å –æ–Ω –¥–∞–∂–µ –º–æ–∂–µ—Ç –ø—Ä–æ–π—Ç–∏ –ø–æ –í–ü:–£–ß–§. Roman Kubanskiy (–æ–±—Å.) 11:54, 19 –º–∞—è 2022 (UTC)–û—Ç–≤–µ—Ç–∏—Ç—å[–æ—Ç–≤–µ—Ç–∏—Ç—å]
–£–∂–µ –æ–±—Å—É–∂–¥–∞–ª–æ—Å—å. –î–∞–≤–∞—Ç—å –∑–Ω–∞—á–∏–º–æ—Å—Ç—å –≤—Å–µ–º –ª—é–¥—è–º, –≤ —á–µ—Å—Ç—å –∫–æ—Ç–æ—Ä—ã—Ö –Ω–∞–∑–≤–∞–Ω—ã –±–∏–æ–ª–æ–≥–∏—á–µ—Å–∫–∏–µ –≤–∏–¥—ã, –Ω–µ–≤–æ–∑–º–æ–∂–Ω–æ: —Ç–∞–º —Å–ø–ª–æ—à—å –∏ —Ä—è–¥–æ–º –≤–æ–∑–ª—é–±–ª–µ–Ω–Ω—ã–µ –ø–µ—Ä–≤–æ–æ—Ç–∫—Ä—ã–≤–∞—Ç–µ–ª–µ–π, –∞ –≤ –ø–æ—Å–ª–µ–¥–Ω–∏–µ –≥–æ–¥—ã ‚Äî –∏ –ø—Ä–æ—Å—Ç–æ –¥—É—Ä—å. Carpodacus (–æ–±—Å.) 06:57, 27 –º–∞—è 2022 (UTC)–û—Ç–≤–µ—Ç–∏—Ç—å[–æ—Ç–≤–µ—Ç–∏—Ç—å]
–¢—É—Ç –ø—Ä–æ—Å—Ç–æ –Ω–∞–¥–æ –∏–º–µ—Ç—å –≤ –≤–∏–¥—É –í–ü:–í–ï–°: –∏–º–µ–Ω–Ω–æ —Ç–æ, —á—Ç–æ –¥–∞—ë—Ç —á–µ–ª–æ–≤–µ–∫—É –∑–Ω–∞—á–∏–º–æ—Å—Ç—å –≤ –ø–æ–Ω–∏–º–∞–Ω–∏–∏ –í–∏–∫–∏–ø–µ–¥–∏–∏, –∏ –¥–æ–ª–∂–Ω–æ –ø—Ä–µ–æ–±–ª–∞–¥–∞—Ç—å –≤ —Å—Ç–∞—Ç—å–µ. –ï—Å–ª–∏ —ç—Ç–æ—Ç —Ç–æ–≤–∞—Ä–∏—â –≤ –ø–µ—Ä–≤—É—é –æ—á–µ—Ä–µ–¥—å —Ç–æ—Ç, –≤ —á–µ—Å—Ç—å –∫–æ–≥–æ –Ω–∞–∑–≤–∞–ª–∏ –±–∞–±–æ—á–∫—É, —Ç–æ –ø—Ä–∏–º–µ—Ä–Ω–æ –≤—Å—ë –Ω—ã–Ω–µ—à–Ω–µ–µ —Å–æ–¥–µ—Ä–∂–∞–Ω–∏–µ —Å—Ç–∞—Ç—å–∏ - –ª–∏—à–Ω–µ–µ.  –ê–Ω–¥—Ä–µ–π –†–æ–º–∞–Ω–µ–Ω–∫–æ (–æ–±—Å.) 14:37, 29 –º–∞—è 2022 (UTC)–û—Ç–≤–µ—Ç–∏—Ç—å[–æ—Ç–≤–µ—Ç–∏—Ç—å]
–ó–Ω–∞—á–∏–º–æ—Å—Ç—å –æ–ø—Ä–µ–¥–µ–ª—ë–Ω–Ω–æ –µ—Å—Ç—å,–º–æ–∂–Ω–æ  –û—Å—Ç–∞–≤–∏—Ç—å Italia Ispania
–ú–∞–ª–æ—Ñ–µ–µ–≤, –ö–∏—Ä–∏–ª–ª –ö–æ–Ω—Å—Ç–∞–Ω—Ç–∏–Ω–æ–≤–∏—á
 –°–ø–∏—Å–æ–∫ —É–¥–∞–ª—è–≤—à–∏—Ö—Å—è —Å—Ç–∞—Ç–µ–π —Å –ø–æ—Ö–æ–∂–∏–º –∏–º–µ–Ω–µ–º: –Ω–∞–π–¥–µ–Ω–æ 2 —Å—Ç–∞—Ç—å–∏. -- QBA-II-bot (–æ–±—Å.) 09:54, 19 –º–∞—è 2022 (UTC)–û—Ç–≤–µ—Ç–∏—Ç—å[–æ—Ç–≤–µ—Ç–∏—Ç—å]
–ó–Ω–∞—á–∏–º–æ—Å—Ç–∏ –Ω–µ –≤–∏–¥–Ω–æ. SHOCK-25 (–æ–±—Å.) 09:53, 19 –º–∞—è 2022 (UTC)–û—Ç–≤–µ—Ç–∏—Ç—å[–æ—Ç–≤–µ—Ç–∏—Ç—å]

 –û—Å—Ç–∞–≤–∏—Ç—å. –ò–≥—Ä–æ–∫ –∏–≥—Ä–∞–ª –Ω–∞ —á–µ–º–ø–∏–æ–Ω–∞—Ç–µ –º–∏—Ä–∞ –∏ –¥–≤–∞–∂–¥—ã –≤—ã–∏–≥—Ä—ã–≤–∞–ª –ö–æ–Ω—Ç–∏–Ω–µ–Ω—Ç–∞–ª—å–Ω—É—é –ª–∏–≥—É, —á—Ç–æ —Å–æ–æ—Ç–≤–µ—Ç—Å—Ç–≤—É–µ—Ç 1 –∏ 2 –ø—É–Ω–∫—Ç–∞–º –í–ü:–ö–ò–ë–ï–†#–ö–∏–±–µ—Ä—Å–ø–æ—Ä—Ç—Å–º–µ–Ω—ã. –í–ü:–û–ö–ó —Ç–æ–∂–µ —è–≤–Ω–æ —Å–æ–æ—Ç–≤–µ—Ç—Å—Ç–≤—É–µ—Ç ‚Äî A!rball 15:43, 5 –∏—é–ª—è 2022 (UTC)–û—Ç–≤–µ—Ç–∏—Ç—å[–æ—Ç–≤–µ—Ç–∏—Ç—å]
–¥–∞ –¥–∞ —á–µ–º–ø–∏–æ–Ω –º–∏—Ä–∞ –∞ –∑–Ω–∞—á–∏–º–æ—Å—Ç–∏ –Ω–µ –≤–∏–¥–Ω–æ –¥–∞ –¥–∞ –∫–Ω—à  –û—Å—Ç–∞–≤–∏—Ç—å Dipish mot (–æ–±—Å.) 22:54, 8 –∏—é–ª—è 2022 (UTC)–û—Ç–≤–µ—Ç–∏—Ç—å[–æ—Ç–≤–µ—Ç–∏—Ç—å]
–í—ã –Ω–µ–º–Ω–æ–≥–æ –ø—É—Ç–∞–µ—Ç–µ. –û–Ω —á–µ–º–ø–∏–æ–Ω –°–ù–ì, –∞ –Ω–µ –º–∏—Ä–∞. –ù–æ –¥–∞–∂–µ —Ç–∞–∫ –∑–Ω–∞—á–∏–º–æ—Å—Ç–∏ –≤–ø–æ–ª–Ω–µ —Ö–≤–∞—Ç–∞–µ—Ç ‚Äî A!rball 23:06, 8 –∏—é–ª—è 2022 (UTC)–û—Ç–≤–µ—Ç–∏—Ç—å[–æ—Ç–≤–µ—Ç–∏—Ç—å]
–æ–π, –ø–µ—Ä–µ–ø—É—Ç–∞–ª –º–∞–ª—ë—Ö–∞. shock-25 —á–∞—Å—Ç–µ–Ω—å–∫–æ —Å—Ç–∞—Ç—å–∏ –æ —á–µ–º–ø–∏–æ–Ω–∞—Ö –∏ —á–µ–º–ø–∏–æ–Ω–∞—Ç–∞—Ö –Ω–∞ —É–¥–∞–ª–µ–Ω–∏–µ –∑–∞ –æ—Ç—Å—É—Ç—Å—Ç–≤–∏–µ–º –∑–Ω–∞—á–∏–º–æ—Å—Ç–∏ –≤—ã–∫–∞—Ç—ã–≤–∞–µ—Ç, –≤–æ—Ç —è –∏ –Ω–µ–º–Ω–æ–≥–æ –ø–æ–≥–æ—Ä—è—á–∏–ª—Å—è, –¥–∞ –Ω–µ–¥–æ–≥–ª—è–¥–µ–ª.–≤ –ª—é–±–æ–º —Å–ª—É—á–∞–µ –ø–æ–¥ –≤–ø:–∫–∏–±–µ—Ä –ø–æ–¥—Ö–æ–¥–∏—Ç Dipish mot (–æ–±—Å.) 00:26, 9 –∏—é–ª—è 2022 (UTC)–û—Ç–≤–µ—Ç–∏—Ç—å[–æ—Ç–≤–µ—Ç–∏—Ç—å]
–ò—Ç–æ–≥
–£—á–∞—Å—Ç–Ω–∏–∫ –º–µ–∂–¥—É–Ω–∞—Ä–æ–¥–Ω–æ–≥–æ —á–µ–º–ø–∏–æ–Ω–∞—Ç–∞ –∏ —á–µ–º–ø–∏–æ–Ω –∫–æ–Ω—Ç–∏–Ω–µ–Ω—Ç–∞–ª—å–Ω—ã—Ö —Ç—É—Ä–Ω–∏—Ä–æ–≤. –í–ü:–ö–ò–ë–ï–†–°–ü–û–†–¢#–ö–∏–±–µ—Ä—Å–ø–æ—Ä—Ç—Å–º–µ–Ω—ã —Å–æ–æ—Ç–≤–µ—Ç—Å—Ç–≤—É–µ—Ç. Y –û—Å—Ç–∞–≤–ª–µ–Ω–æ. -- Esther Coleman [‚úéÔ∏é] 20:37, 21 –æ–∫—Ç—è–±—Ä—è 2022 (UTC)–û—Ç–≤–µ—Ç–∏—Ç—å[–æ—Ç–≤–µ—Ç–∏—Ç—å]
–ò—Ç–æ–≥ –ø–æ–¥–≤–µ–¥—ë–Ω –Ω–∞ –ø—Ä–∞–≤–∞—Ö –ø–æ–¥–≤–æ–¥—è—â–µ–≥–æ –∏—Ç–æ–≥–∏ –∏ –º–æ–∂–µ—Ç –±—ã—Ç—å –æ—Å–ø–æ—Ä–µ–Ω –≤ —É–ø—Ä–æ—â—ë–Ω–Ω–æ–º –ø–æ—Ä—è–¥–∫–µ.

–ú–µ—Å—Ç–Ω—ã–µ –≤—ã–±–æ—Ä—ã –≤ –î–Ω–µ–ø—Ä–æ–ø–µ—Ç—Ä–æ–≤—Å–∫–æ–π –æ–±–ª–∞—Å—Ç–∏ (2020)
 –°–ø–∏—Å–æ–∫ —É–¥–∞–ª—è–≤—à–∏—Ö—Å—è —Å—Ç–∞—Ç–µ–π —Å –ø–æ—Ö–æ–∂–∏–º –∏–º–µ–Ω–µ–º: –Ω–∞–π–¥–µ–Ω–∞ 1 —Å—Ç–∞—Ç—å—è. -- QBA-II-bot (–æ–±—Å.) 10:53, 19 –º–∞—è 2022 (UTC)–û—Ç–≤–µ—Ç–∏—Ç—å[–æ—Ç–≤–µ—Ç–∏—Ç—å]
–ú–∞—à–∏–Ω–∫–∞ —Å —É–∫-–≤–∏–∫–∏, –±–µ–∑ –ê–ò, –±–µ–∑ —Å–≤—è–∑–Ω–æ—Å—Ç–∏. ‚Äî ùîñùîûùî´ùî° ùîéùîûùî∞ùî±ùî©ùî¢ 17  (–æ–±—Å.) 10:49, 19 –º–∞—è 2022 (UTC)–û—Ç–≤–µ—Ç–∏—Ç—å[–æ—Ç–≤–µ—Ç–∏—Ç—å]

–ë–∞—à–∫–∏—Ä—ç–Ω–µ—Ä–≥–æ
–°—Ç–∞—Ç—å—è –æ –Ω–µ—Å—É—â–µ—Å—Ç–≤—É—é—â–µ–π –ø–æ—á—Ç–∏ –¥–µ—Å—è—Ç—å –ª–µ—Ç –∫–æ–º–ø–∞–Ω–∏–∏. –ó–Ω–∞—á–∏–º–æ—Å—Ç—å –≤–æ–∑–º–æ–∂–Ω–∞, –Ω–æ –≤ –Ω—ã–Ω–µ—à–Ω–µ–º –≤–∏–¥–µ –Ω–µ –ø–æ–∫–∞–∑–∞–Ω–∞. –ü–æ–∏—Å–∫ –∏—Å—Ç–æ—á–Ω–∏–∫–æ–≤ –∑–∞—Ç—Ä—É–¥–Ω–µ–Ω –¥–µ–π—Å—Ç–≤—É—é—â–µ–π —Å–µ–π—á–∞—Å –æ–¥–Ω–æ–∏–º–µ–Ω–Ω–æ–π —ç–Ω–µ—Ä–≥–æ—Å–±—ã—Ç–æ–≤–æ–π –∫–æ–º–ø–∞–Ω–∏–µ–π –≤ —Ñ–æ—Ä–º–µ –û–û–û. ‚Äî91.193.178.122 11:56, 19 –º–∞—è 2022 (UTC)–û—Ç–≤–µ—Ç–∏—Ç—å[–æ—Ç–≤–µ—Ç–∏—Ç—å]

–í–æ—Ç –ø—Ä–æ—Å—Ç–æ –≤–∑—è—Ç—å –∏ —Å–Ω–µ—Å—Ç–∏ - –Ω–µ –µ—Å—Ç—å —Ö–æ—Ä–æ—à–æ. –ü–æ —Å—É—Ç–∏ –≤ —á–∞—Å—Ç–∏ –≥–µ–Ω–µ—Ä–∞—Ü–∏–∏ (–±–µ–∑ —Å–µ—Ç–µ–π) —ç—Ç–æ —Å—Ç–∞–ª–æ –ë–∞—à–∫–∏—Ä—Å–∫–∞—è –≥–µ–Ω–µ—Ä–∏—Ä—É—é—â–∞—è –∫–æ–º–ø–∞–Ω–∏—è - –≤–æ—Ç –µ—Å–ª–∏ —Ç—É–¥–∞ —á–∞—Å—Ç—å –ø–µ—Ä–µ–Ω–µ—Å—Ç–∏ –∫–∞–∫ –ø—Ä–µ–¥—ã—Å—Ç–æ—Ä–∏—é, –∏ - –≥–ª–∞–≤–Ω–æ–µ - —Å–ø–∏—Å–æ–∫ —ç–ª–µ–∫—Ç—Ä–æ—Å—Ç–∞–Ω—Ü–∏–π (–≤ —Å—Ç–∞—Ç—å–µ –æ –ë–ì–ö –¥–∞–∂–µ —Ç–æ —á—Ç–æ –µ—Å—Ç—å –Ω–µ –≤–∏–∫–∏—Ñ–∏—Ü–∏—Ä–æ–≤–∞–Ω–æ) - –º–æ–∂–Ω–æ –ø–æ–¥—É–º–∞—Ç—å –æ–± —É–¥–∞–ª–µ–Ω–∏–∏ —Å –ø–µ—Ä–µ–Ω–∞–ø—Ä–∞–≤–ª–µ–Ω–∏–µ–º, –≤ –ø–æ–∫–∞  –ü—Ä–æ—Ç–∏–≤ ‚Äî Archivero (–æ–±—Å.) 09:19, 23 –º–∞—è 2022 (UTC)–û—Ç–≤–µ—Ç–∏—Ç—å[–æ—Ç–≤–µ—Ç–∏—Ç—å]
–ê–ò –¥–æ–±–∞–≤–ª–µ–Ω—ã, –∑–Ω–∞—á–∏–º–æ—Å—Ç—å –µ—Å—Ç—å.
–û—Ç–¥–µ–ª—å–Ω–∞—è —Å—Ç–∞—Ç—å—è –ø—Ä–æ –û–û–û –Ω–µ —Ç—Ä–µ–±—É–µ—Ç—Å—è, –∫–æ–º–ø–∞–Ω–∏—è —Ç–∞ –∂–µ, –ø—Ä–æ—Ñ–∏–ª—å —Ç–æ—Ç –∂–µ. Dmsav (–æ–±—Å.) 11:29, 16 –Ω–æ—è–±—Ä—è 2022 (UTC)–û—Ç–≤–µ—Ç–∏—Ç—å[–æ—Ç–≤–µ—Ç–∏—Ç—å]

 –û—Å—Ç–∞–≤–∏—Ç—å –∫–æ–Ω–µ—á–Ω–æ, –±–æ–ª–µ–µ 21 —Ç—ã—Å—è—á–∏ —Ä–∞–±–æ—Ç–Ω–∏–∫–æ–≤, —ç—Ç–æ –∫—Ä—É–ø–Ω–µ–π—à–µ–µ –ø—Ä–µ–¥–ø—Ä–∏—è—Ç–∏–µ –ë–∞—à–∫–æ—Ä—Ç–æ—Å—Ç–∞–Ω–∞ –±—ã–ª–æ –≤ —Å–≤–æ—ë –≤—Ä–µ–º—è, –∏ –∑–Ω–∞—á–∏–º–æ—Å—Ç—å –Ω–µ —É—Ç—Ä–∞—á–∏–≤–∞–µ—Ç—Å—è. ‚Äî Erokhin (–æ–±—Å.) 12:57, 16 –Ω–æ—è–±—Ä—è 2022 (UTC)–û—Ç–≤–µ—Ç–∏—Ç—å[–æ—Ç–≤–µ—Ç–∏—Ç—å]
–≠–º–º–∞–Ω—É—ç–ª—å (—Ñ–∏–ª—å–º, –∑–Ω–∞—á–µ–Ω–∏—è)
 –°–ø–∏—Å–æ–∫ —É–¥–∞–ª—è–≤—à–∏—Ö—Å—è —Å—Ç–∞—Ç–µ–π —Å –ø–æ—Ö–æ–∂–∏–º –∏–º–µ–Ω–µ–º: –Ω–∞–π–¥–µ–Ω–∞ 1 —Å—Ç–∞—Ç—å—è. -- QBA-II-bot (–æ–±—Å.) 12:36, 19 –º–∞—è 2022 (UTC)–û—Ç–≤–µ—Ç–∏—Ç—å[–æ—Ç–≤–µ—Ç–∏—Ç—å]
–ò–∑–±—ã—Ç–æ—á–Ω–æ, —É–∂–µ –µ—Å—Ç—å –≠–º–º–∞–Ω—É—ç–ª—å. –í–∏–∫–∏–∑–∞–≤—Ä (–æ–±—Å.) 12:24, 19 –º–∞—è 2022 (UTC)–û—Ç–≤–µ—Ç–∏—Ç—å[–æ—Ç–≤–µ—Ç–∏—Ç—å]

–ï—Å—Ç—å –¥–≤–∞ —Ñ–∏–ª—å–º–∞ —Å –Ω–∞–∑–≤–∞–Ω–∏–µ–º ¬´–≠–º–º–∞–Ω—É—ç–ª—å¬ª. –°–æ–æ—Ç–≤–µ—Ç—Å—Ç–≤–µ–Ω–Ω–æ –¥–∏–∑–∞–º–±–∏–≥ ¬´–≠–º–º–∞–Ω—É—ç–ª—å (—Ñ–∏–ª—å–º)¬ª –±—É–¥–µ—Ç –ø–æ–º–æ–≥–∞—Ç—å —á–∏—Ç–∞—Ç–µ–ª—è–º –í–∏–∫–∏–ø–µ–¥–∏–∏ –≤ –ø–æ–∏—Å–∫–µ. –ê –≤–æ—Ç –ø–µ—Ä–µ–∏–º–µ–Ω–æ–≤—ã–≤–∞—Ç—å –µ–≥–æ –≤ ¬´–≠–º–º–∞–Ω—É–ª—å (—Ñ–∏–ª—å–º, –∑–Ω–∞—á–µ–Ω–∏—è)¬ª —è–≤–Ω–æ –Ω–µ —Å—Ç–æ–∏–ª–æ. –ù–∏–∫–æ–ª–∞–π –≠–π—Ö–≤–∞–ª—å–¥ (–æ–±—Å.) 08:57, 20 –º–∞—è 2022 (UTC)–û—Ç–≤–µ—Ç–∏—Ç—å[–æ—Ç–≤–µ—Ç–∏—Ç—å]
–ö–æ–ª–ª–µ–≥–∞ @–ù–∏–∫–æ–ª–∞–π –≠–π—Ö–≤–∞–ª—å–¥, –∏–∑–≤–µ—Å—Ç–Ω—ã–π —Ñ–∏–ª—å–º 1974 –≥–æ–¥–∞ —è–≤–Ω–æ —É–∑–Ω–∞–≤–∞–µ–º–µ–µ –µ—â—ë –Ω–µ –≤—ã—à–µ–¥—à–µ–≥–æ –Ω–æ–≤–æ–¥–µ–ª–∞, —Ö–æ—Ç—è –±—ã –ø–æ —á–∏—Å–ª—É –∏–Ω—Ç–µ—Ä–≤–∏–∫ –ø–æ—Å–º–æ—Ç—Ä–∏—Ç–µ, —Ç–∞–∫ —á—Ç–æ –æ–Ω –∏ –¥–æ–ª–∂–µ–Ω –∑–∞–Ω–∏–º–∞—Ç—å –º–µ—Å—Ç–æ –±–µ–∑ –¥–æ–ø–æ–ª–Ω–∏—Ç–µ–ª—å–Ω–æ–≥–æ —É—Ç–æ—á–Ω–µ–Ω–∏—è. –í–∏–∫–∏–∑–∞–≤—Ä (–æ–±—Å.) 09:02, 20 –º–∞—è 2022 (UTC)–û—Ç–≤–µ—Ç–∏—Ç—å[–æ—Ç–≤–µ—Ç–∏—Ç—å]
–ü–æ–∂–∞–ª—É–π—Å—Ç–∞, –Ω–µ –ø–∏–Ω–≥—É–π—Ç–µ –º–µ–Ω—è –≤ –æ–±—Å—É–∂–¥–µ–Ω–∏—è—Ö, –≤ –∫–æ—Ç–æ—Ä—ã—Ö —è –∏ –±–µ–∑ —Ç–æ–≥–æ —É—á–∞—Å—Ç–≤—É—é. –ù–∏–∫–æ–ª–∞–π –≠–π—Ö–≤–∞–ª—å–¥ (–æ–±—Å.) 09:07, 20 –º–∞—è 2022 (UTC)–û—Ç–≤–µ—Ç–∏—Ç—å[–æ—Ç–≤–µ—Ç–∏—Ç—å]
–í—ã —Ö–æ—Ç–µ–ª–∏ –Ω–∞–ø–∏—Å–∞—Ç—å ¬´–±–æ–ª–µ–µ —É–∑–Ω–∞–≤–∞–µ–º¬ª? –≠—Ç–æ –Ω–µ –∞—Ä–≥—É–º–µ–Ω—Ç. –ê –æ–±–æ—Å–Ω–æ–≤—ã–≤–∞—Ç—å —á—Ç–æ-–ª–∏–±–æ –∫–æ–ª–∏—á–µ—Å—Ç–≤–æ–º –∏–Ω—Ç–µ—Ä–≤–∏–∫ —Ç–µ–º –±–æ–ª–µ–µ —Å—Ç—Ä–∞–Ω–Ω–æ. –ù–∏–∫–æ–ª–∞–π –≠–π—Ö–≤–∞–ª—å–¥ (–æ–±—Å.) 09:09, 20 –º–∞—è 2022 (UTC)–û—Ç–≤–µ—Ç–∏—Ç—å[–æ—Ç–≤–µ—Ç–∏—Ç—å]
–ü–æ—á–µ–º—É –Ω–µ –∞—Ä–≥—É–º–µ–Ω—Ç? –ö–∞–∫ –Ω–∞–ª–∏—á–∏–µ —É—Ç–æ—á–Ω–µ–Ω–∏—è –≤—ã–±–∏—Ä–∞–µ—Ç—Å—è –≤ –∑–∞–≤–∏—Å–∏–º–æ—Å—Ç–∏ –æ—Ç —É–∑–Ω–∞–≤–∞–µ–º–æ—Å—Ç–∏ (–ú–æ—Å–∫–≤–∞ –≤–º–µ—Å—Ç–æ –ú–æ—Å–∫–≤–∞ (–≥–æ—Ä–æ–¥), –ø–æ—Ç–æ–º—É —á—Ç–æ —É–∑–Ω–∞–≤–∞–µ–º–µ–µ, —á–µ–º –ú–æ—Å–∫–≤–∞ (—Ä–µ–∫–∞)), —Ç–∞–∫ –∏ –Ω–∞–ª–∏—á–∏–µ –≤—Ç–æ—Ä–æ–π —á–∞—Å—Ç–∏ —É—Ç–æ—á–Ω–µ–Ω–∏—è –≤—ã–±–∏—Ä–∞–µ—Ç—Å—è —Ç–∞–∫–∂–µ (–≠–º–º–∞–Ω—É—ç–ª—å (—Ñ–∏–ª—å–º) –≤–º–µ—Å—Ç–æ –≠–º–º–∞–Ω—É—ç–ª—å (—Ñ–∏–ª—å–º, 1974), –ø–æ—Ç–æ–º—É —á—Ç–æ —É–∑–Ω–∞–≤–∞–µ–º–µ–µ, —á–µ–º –≠–º–º–∞–Ω—É—ç–ª—å (—Ñ–∏–ª—å–º, 2023)). –í–∏–∫–∏–∑–∞–≤—Ä (–æ–±—Å.) 09:29, 20 –º–∞—è 2022 (UTC)–û—Ç–≤–µ—Ç–∏—Ç—å[–æ—Ç–≤–µ—Ç–∏—Ç—å]
–ù—É –≤—ã –∂–µ –æ–ø—ã—Ç–Ω—ã–π —É—á–∞—Å—Ç–Ω–∏–∫. –î–ª—è —Ç–æ–≥–æ, —á—Ç–æ–±—ã –¥–∞—Ç—å –∫–æ–Ω–∫—Ä–µ—Ç–Ω–æ–π —Å—Ç–∞—Ç—å–µ –æ–¥–Ω–æ–∑–Ω–∞—á–Ω–æ–µ –Ω–∞–∑–≤–∞–Ω–∏–µ, –Ω–µ–¥–æ—Å—Ç–∞—Ç–æ—á–Ω–æ –ø—Ä–æ—Å—Ç–æ –ø—Ä–∏–∑–Ω–∞—Ç—å –µ—ë –Ω–∞–∏–±–æ–ª–µ–µ –∏–∑–≤–µ—Å—Ç–Ω–æ–π –∏ —É–∑–Ω–∞–≤–∞–µ–º–æ–π: –Ω—É–∂–Ω–æ, —á—Ç–æ–±—ã —ç—Ç–æ –Ω–∞–∑–≤–∞–Ω–∏–µ –±—ã–ª–æ —Å–≤—è–∑–∞–Ω–æ –≤ –ø–µ—Ä–≤—É—é –æ—á–µ—Ä–µ–¥—å —Å –∫–æ–Ω–∫—Ä–µ—Ç–Ω—ã–º –∑–Ω–∞—á–µ–Ω–∏–µ–º. –ü–æ–Ω—è—Ç–Ω–æ, —á—Ç–æ –æ–ø—Ä–µ–¥–µ–ª—ë–Ω–Ω–∞—è –≥—Ä–∞–¥–∞—Ü–∏—è –µ—Å—Ç—å –≤—Å–µ–≥–¥–∞, –Ω–æ –ú–æ—Å–∫–≤–∞¬†‚Äî —Å–ª–∏—à–∫–æ–º –∏–∑–≤–µ—Å—Ç–Ω—ã–π –≥–æ—Ä–æ–¥, —á—Ç–æ–±—ã —Å—Ç–∞—Ç—å—è –Ω–∞–∑—ã–≤–∞–ª–∞—Å—å ¬´–ú–æ—Å–∫–≤–∞ (–≥–æ—Ä–æ–¥)¬ª, —Ç–æ–≥–¥–∞ –∫–∞–∫ —É—Ç–æ—á–Ω–µ–Ω–∏–µ ¬´–ú–æ—Å–∫–≤–∞ (—Ä–µ–∫–∞)¬ª –≤—ã–≥–ª—è–¥–∏—Ç –∞–±—Å–æ–ª—é—Ç–Ω–æ –µ—Å—Ç–µ—Å—Ç–≤–µ–Ω–Ω–æ (—Ä–∞–∑ —É–∂ –≤—ã —Å–∞–º–∏ –ø—Ä–∏–≤–µ–ª–∏ —Ç–∞–∫–æ–π –ø—Ä–∏–º–µ—Ä). –í—ã —Ö–æ—Ç–∏—Ç–µ, —á—Ç–æ–±—ã —á–∏—Ç–∞—Ç–µ–ª—å, –∏—â—É—â–∏–π —Å—Ç–∞—Ç—å—é –æ —Ñ–∏–ª—å–º–µ ¬´–≠–º–º–∞–Ω—É—ç–ª—å¬ª —Å –°–µ–π–¥—É, –Ω–∞—Ö–æ–¥–∏–ª —Å—Ç–∞—Ç—å—é –ø–æ–¥ –Ω–∞–∑–≤–∞–Ω–∏–µ–º ¬´–≠–º–º–∞–Ω—É—ç–ª—å (—Ñ–∏–ª—å–º)¬ª –æ —Å–æ–≤—Å–µ–º –¥—Ä—É–≥–æ–π –∫–∞—Ä—Ç–∏–Ω–µ? –≠—Ç–æ —É—Ö—É–¥—à–µ–Ω–∏–µ —É—Å–ª–æ–≤–∏–π –¥–ª—è –ø–æ–∏—Å–∫–∞. –Ø —Å–æ–≥–ª–∞—Å–µ–Ω, —á—Ç–æ —Ñ–∏–ª—å–º 1974 –≥–æ–¥–∞ –ø–æ–∫–∞ –±–æ–ª–µ–µ –∏–∑–≤–µ—Å—Ç–µ–Ω, —á–µ–º –±—É–¥—É—â–∏–π —Ñ–∏–ª—å–º, –Ω–æ –Ω–µ —Å—á–∏—Ç–∞—é —Ä–∞–∑–Ω–∏—Ü—É –¥–æ—Å—Ç–∞—Ç–æ—á–Ω–æ –ø—Ä–∏–Ω—Ü–∏–ø–∏–∞–ª—å–Ω–æ–π –∏ –Ω–µ –¥—É–º–∞—é, —á—Ç–æ –µ—ë –Ω—É–∂–Ω–æ –ø–æ–¥—á—ë—Ä–∫–∏–≤–∞—Ç—å —Ç–∞–∫, –∫–∞–∫ —ç—Ç–æ –¥–µ–ª–∞–µ—Ç–µ –≤—ã. –ù–∞ –¥–∞–Ω–Ω—ã–π –º–æ–º–µ–Ω—Ç, –∫–∞–∫ –º–Ω–µ –≤–∏–¥–∏—Ç—Å—è, –≤—ã, –∏—Å–ø–æ–ª—å–∑—É—è —Å–ø–æ—Ä–Ω—É—é –ª–æ–≥–∏–∫—É, –¥–∞–ª–∏ –¥–∏–∑–∞–º–±–∏–≥—É —è–≤–Ω–æ –∞–±—Å—É—Ä–¥–Ω–æ–µ –Ω–∞–∑–≤–∞–Ω–∏–µ, –∞ —Ç–µ–ø–µ—Ä—å –ø—Ä–µ–¥–ª–∞–≥–∞–µ—Ç–µ –µ–≥–æ —É–¥–∞–ª–∏—Ç—å. –†—É–í–∏–∫–∏ —ç—Ç–æ –Ω–µ —É–ª—É—á—à–∏—Ç. P. S. –ü—ã—Ç–∞–ª—Å—è –æ–±—ä—è—Å–Ω–∏—Ç—å, –Ω–æ, –ø–æ—Ö–æ–∂–µ, –Ω–µ –ø—Ä–µ—É—Å–ø–µ–ª: ¬´—É–∑–Ω–∞–≤–∞–µ–º–µ–µ¬ª¬†‚Äî —ç—Ç–æ –Ω–µ –ø–æ-—Ä—É—Å—Å–∫–∏. –ù–∏–∫–æ–ª–∞–π –≠–π—Ö–≤–∞–ª—å–¥ (–æ–±—Å.) 10:24, 20 –º–∞—è 2022 (UTC)–û—Ç–≤–µ—Ç–∏—Ç—å[–æ—Ç–≤–µ—Ç–∏—Ç—å]
–ü—Ä–∏ –≤—Å–µ–º —É–≤–∞–∂–µ–Ω–∏–∏, –≤—ã –æ–±—Å—É–∂–¥–∞–µ—Ç–µ –Ω–∞–∑–≤–∞–Ω–∏–µ, –∞ –Ω–µ —Å—Ç—Ä–∞–Ω–∏—Ü—É —Ä–µ—à–µ–Ω–∏—è –Ω–µ–æ–¥–Ω–æ–∑–Ω–∞—á–Ω–æ—Å—Ç–∏. –ö—Å—Ç–∞—Ç–∏ —Å–∞–º—É —Å—Ç—Ä–∞–Ω–∏—Ü—É —Å—á–∏—Ç–∞—é –±–µ—Å—Å–º—ã—Å–ª–µ–Ω–Ω–æ–π —Ç–∞–∫ –∫–∞–∫ –æ–Ω–∞ –≤—ã–±–æ—Ä–æ—á–Ω–∞—è –∫–æ–ø–∏—è –¥—Ä—É–≥–æ–π, —Å —Ç–µ–º –∂–µ —É—Å–ø–µ—Ö–æ–º –º–æ–∂–Ω–æ —Å–¥–µ–ª–∞—Ç—å –æ—Ç–¥–µ–ª—å–Ω—ã–µ —Å—Ç—Ä–∞–Ω–∏—Ü—ã –Ω–µ–æ–¥–Ω–æ–∑–Ω–∞—á–Ω–æ—Å—Ç–∏ –Ω–∞–ø—Ä–∏–º–µ—Ä ""–≠–º–∞–Ω—É—ç–ª—å (–∞–º–µ—Ä–∏–∫–∞–Ω—Ü—ã)"", ""–≠–º–º–∞–Ω—É—ç–ª—å (–∞–Ω–≥–ª–∏—á–∞–Ω–µ)"" –∏ —Ç–¥. ‚Äï–∂–µ–ª–∞—è —Å—á–∞—Å—Ç—å—è –ú–µ–ª–∫–∏–π ‚Ç© 10:57, 20 –º–∞—è 2022 (UTC)–û—Ç–≤–µ—Ç–∏—Ç—å[–æ—Ç–≤–µ—Ç–∏—Ç—å]
–ù–∞–∑–≤–∞–Ω–∏–µ –∏ —Å—É–¥—å–±–∞ –¥–∏–∑–∞–º–±–∏–≥–∞¬†‚Äî –¥–≤–µ –Ω–µ—Ä–∞–∑—Ä—ã–≤–Ω–æ —Å–≤—è–∑–∞–Ω–Ω—ã–µ —Ç–µ–º—ã, –∏–∑—É—á–∏—Ç–µ –≤–æ–ø—Ä–æ—Å. –ù–µ—Ç, –≥–∏–ø–æ—Ç–µ—Ç–∏—á–µ—Å–∫–∏–µ (–∏ –±–µ—Å—Å–º—ã—Å–ª–µ–Ω–Ω—ã–µ, –∫–æ–Ω–µ—á–Ω–æ) –¥–∏–∑–∞–º–±–∏–≥–∏ —É—Ä–æ–≤–Ω—è ¬´–≠–º–º–∞–Ω—É—ç–ª—å (–∞–º–µ—Ä–∏–∫–∞–Ω—Ü—ã)¬ª¬†‚Äî —ç—Ç–æ —Å–æ–≤—Å–µ–º –¥—Ä—É–≥–∞—è —Ç–µ–º–∞: –≤ —Ä—É–í–∏–∫–∏ –Ω–∏–∫–æ–≥–¥–∞ –Ω–µ –±—É–¥–µ—Ç —Å—Ç–∞—Ç—å–∏ —Å –Ω–∞–∑–≤–∞–Ω–∏–µ–º ¬´–≠–º–º–∞–Ω—É—ç–ª—å (–∞–º–µ—Ä–∏–∫–∞–Ω–∫–∞‚Ä¶)¬ª. –ù–∏–∫–æ–ª–∞–π –≠–π—Ö–≤–∞–ª—å–¥ (–æ–±—Å.) 11:44, 20 –º–∞—è 2022 (UTC)–û—Ç–≤–µ—Ç–∏—Ç—å[–æ—Ç–≤–µ—Ç–∏—Ç—å]
–î–∞, —Ç–æ—á–Ω–æ, –º—ã –æ–±—Å—É–∂–¥–∞–µ–º –Ω–µ —Ç–∞–º. –ù–∏–∫–æ–ª–∞–π, –Ω–µ –≤—ã–Ω–µ—Å–µ—Ç–µ –≠–º–º–∞–Ω—É—ç–ª—å (—Ñ–∏–ª—å–º) –Ω–∞ –ø–µ—Ä–µ–∏–º–µ–Ω–æ–≤–∞–Ω–∏–µ –≤ –≠–º–º–∞–Ω—É—ç–ª—å (—Ñ–∏–ª—å–º, 1974)? –í–∏–∫–∏–∑–∞–≤—Ä (–æ–±—Å.) 11:46, 20 –º–∞—è 2022 (UTC)–û—Ç–≤–µ—Ç–∏—Ç—å[–æ—Ç–≤–µ—Ç–∏—Ç—å]
–ù–µ –≤—ã–Ω–µ—Å—É. –Ø –∏ –±–µ–∑ —Ç–æ–≥–æ —Å–ª–∏—à–∫–æ–º –º–Ω–æ–≥–æ –≤—Ä–µ–º–µ–Ω–∏ –ø–æ—Ç—Ä–∞—Ç–∏–ª –Ω–∞ –±–µ—Å—Å–º—ã—Å–ª–µ–Ω–Ω–æ–µ –æ–±—Å—É–∂–¥–µ–Ω–∏–µ: —ç—Ç–æ –≤–∞–º —Å–ª–µ–¥–æ–≤–∞–ª–æ –≤—ã–Ω–µ—Å—Ç–∏ —Å—Ç–∞—Ç—å—é ¬´–≠–º–º–∞–Ω—É—ç–ª—å (—Ñ–∏–ª—å–º, 1974)¬ª –Ω–∞ –ø–µ—Ä–µ–∏–º–µ–Ω–æ–≤–∞–Ω–∏–µ. –ü—Ä–µ–¥–ª–∞–≥–∞—é –≤–∞–º –æ—Ç–º–µ–Ω–∏—Ç—å —Å–≤–æ—é –æ—Ç–º–µ–Ω—É –∏ —Å–æ–∑–¥–∞—Ç—å —Ç–∞–∫—É—é –Ω–æ–º–∏–Ω–∞—Ü–∏—é, —ç—Ç–æ –±—É–¥–µ—Ç –ª–æ–≥–∏—á–Ω–æ. –ù–∏–∫–æ–ª–∞–π –≠–π—Ö–≤–∞–ª—å–¥ (–æ–±—Å.) 13:51, 20 –º–∞—è 2022 (UTC)–û—Ç–≤–µ—Ç–∏—Ç—å[–æ—Ç–≤–µ—Ç–∏—Ç—å]
¬´–ö—Å—Ç–∞—Ç–∏ —Å–∞–º—É —Å—Ç—Ä–∞–Ω–∏—Ü—É —Å—á–∏—Ç–∞—é –±–µ—Å—Å–º—ã—Å–ª–µ–Ω–Ω–æ–π —Ç–∞–∫ –∫–∞–∫ –æ–Ω–∞ –≤—ã–±–æ—Ä–æ—á–Ω–∞—è –∫–æ–ø–∏—è –¥—Ä—É–≥–æ–π¬ª¬†‚Äî –∫—Å—Ç–∞—Ç–∏, –≤–æ–æ–±—â–µ –Ω–µ –∞—Ä–≥—É–º–µ–Ω—Ç. –î–∏–∑–∞–º–±–∏–≥ –≤–Ω—É—Ç—Ä–∏ –¥–∏–∑–∞–º–±–∏–≥–∞¬†‚Äî —Å–∞–º–æ–µ –æ–±—ã—á–Ω–æ–µ –¥–µ–ª–æ –≤ —Ä—É–í–∏–∫–∏, –±–ª–∞–≥–æ –Ω–µ–±—É–º–∞–≥–∞. –ù–∏–∫–æ–ª–∞–π –≠–π—Ö–≤–∞–ª—å–¥ (–æ–±—Å.) 13:48, 20 –º–∞—è 2022 (UTC)–û—Ç–≤–µ—Ç–∏—Ç—å[–æ—Ç–≤–µ—Ç–∏—Ç—å]
–î–ª—è —Ç–µ—Ö, –∫—Ç–æ –Ω–µ –∑–∞–≥–ª—è–Ω—É–ª –≤ –∏—Å—Ç–æ—Ä–∏—é: –Ω–æ–º–∏–Ω–∞—Ç–æ—Ä —Å–Ω–∞—á–∞–ª–∞ –ø–µ—Ä–µ–∏–º–µ–Ω–æ–≤–∞–ª –¥–∏–∑–∞–º–±–∏–≥, –ø—Ä–∏—á—ë–º –Ω–∞–∑–≤–∞–Ω–∏–µ –ø–æ–ª—É—á–∏–ª–æ—Å—å, –∫–∞–∫ –≤–∏–¥–∏—Ç–µ, —Å–æ–≤—Å–µ–º –Ω–µ—Ñ–æ—Ä–º–∞—Ç–Ω–æ–µ. –ù–∏–∫–æ–ª–∞–π –≠–π—Ö–≤–∞–ª—å–¥ (–æ–±—Å.) 10:26, 20 –º–∞—è 2022 (UTC)–û—Ç–≤–µ—Ç–∏—Ç—å[–æ—Ç–≤–µ—Ç–∏—Ç—å]
–£–≥—É, –ø–æ—Ç–æ–º—É —á—Ç–æ –ø–æ—Å–ª–µ –≤–æ–∑–≤—Ä–∞—Ç–∞ –≠–º–º–∞–Ω—É—ç–ª—å (—Ñ–∏–ª—å–º) –Ω–∞ –º–µ—Å—Ç–æ —Ç–∞–∫–æ–π –¥–∏–∑–∞–º–±–∏–≥ –ø—Ä–æ—Å—Ç–æ –Ω–µ –Ω—É–∂–µ–Ω, –Ω–æ –±–µ–∑ –µ–≥–æ –ø–µ—Ä–µ–∏–º–µ–Ω–æ–≤–∞–Ω–∏—è –Ω–µ –≤–µ—Ä–Ω—ë—à—å. –í–∏–∫–∏–∑–∞–≤—Ä (–æ–±—Å.) 11:48, 20 –º–∞—è 2022 (UTC)–û—Ç–≤–µ—Ç–∏—Ç—å[–æ—Ç–≤–µ—Ç–∏—Ç—å]
–ê –≤–æ–∑–≤—Ä–∞—Ç —ç—Ç–æ—Ç –±—ã–ª –∞–±—Å–æ–ª—é—Ç–Ω–æ –Ω–µ–æ–ø—Ä–∞–≤–¥–∞–Ω–Ω—ã–º, —á—Ç–æ —è –∏ –ø—ã—Ç–∞—é—Å—å –æ–±—ä—è—Å–Ω–∏—Ç—å –≤—ã—à–µ. –ù–∏–∫–æ–ª–∞–π –≠–π—Ö–≤–∞–ª—å–¥ (–æ–±—Å.) 13:49, 20 –º–∞—è 2022 (UTC)–û—Ç–≤–µ—Ç–∏—Ç—å[–æ—Ç–≤–µ—Ç–∏—Ç—å]
–†–µ–º–±–∞–∑–∞ (–ö–∏–µ–≤)
 –°–ø–∏—Å–æ–∫ —É–¥–∞–ª—è–≤—à–∏—Ö—Å—è —Å—Ç–∞—Ç–µ–π —Å –ø–æ—Ö–æ–∂–∏–º –∏–º–µ–Ω–µ–º: –Ω–∞–π–¥–µ–Ω–∞ 1 —Å—Ç–∞—Ç—å—è. -- QBA-II-bot (–æ–±—Å.) 12:36, 19 –º–∞—è 2022 (UTC)–û—Ç–≤–µ—Ç–∏—Ç—å[–æ—Ç–≤–µ—Ç–∏—Ç—å]
–ù–µ –ø–æ–∫–∞–∑–∞–Ω–∞ –∑–Ω–∞—á–∏–º–æ—Å—Ç—å ""–º–µ—Å—Ç–Ω–æ—Å—Ç–∏"". –ï—Å—Ç—å –ª–∏ –æ –Ω–µ–π –∏–Ω—Ñ–æ—Ä–º–∞—Ü–∏—è –≤ –ø—Ä–∏–≤–µ–¥–µ–Ω–Ω—ã—Ö –∏—Å—Ç–æ—á–Ω–∏–∫–∞—Ö - –∫—Ä–∞–π–Ω–µ —Å–æ–º–Ω–µ–≤–∞—é—Å—å. –ï—Å–ª–∏ —É–±—Ä–∞—Ç—å —Å–ø—Ä–∞–≤–æ—á–Ω—É—é –∏–Ω—Ñ–æ—Ä–º–∞—Ü–∏—é –ø–æ –º–∞—Ä—à—Ä—É—Ç–∞–º —Ç—Ä–∞–Ω—Å–ø–æ—Ä—Ç–∞, –Ω–æ–º–µ—Ä–∞—Ö —à–∫–æ–ª –∏ –ø–æ–ª–∏–∫–ª–∏–Ω–∏–∫ –∏ —Ä–µ–∫–ª–∞–º—É –ñ–ö, –æ—Ç —Å—Ç–∞—Ç—å–∏ –º–∞–ª–æ —á—Ç–æ –æ—Å—Ç–∞–µ—Ç—Å—è. Serzh-Levy Ignashevich (–æ–±—Å.) 12:31, 19 –º–∞—è 2022 (UTC)–û—Ç–≤–µ—Ç–∏—Ç—å[–æ—Ç–≤–µ—Ç–∏—Ç—å]

–ö—Ä–∞–∂–∞ —É–∫—Ä–∞–∏–Ω—Å–∫–æ–≥–æ –∑–µ—Ä–Ω–∞ –†–æ—Å—Å–∏–µ–π
–ò–∑ –∏—Å—Ç–æ—á–Ω–∏–∫–æ–≤¬†‚Äî –∏—Å–∫–ª—é—á–∏—Ç–µ–ª—å–Ω–æ –Ω–æ–≤–æ—Å—Ç–Ω—ã–µ –ø–æ –∑–∞—è–≤–ª–µ–Ω–∏—è–º –æ–¥–Ω–æ–π –∏–∑ —Å—Ç–æ—Ä–æ–Ω –∫–æ–Ω—Ñ–ª–∏–∫—Ç–∞. –ü—Ä–∏—á—ë–º –∑–∞ –Ω–µ—Å–∫–æ–ª—å–∫–æ –¥–Ω–µ–π. ‚Äî –ù–µ–ö–∞–∫–í—Å–µ (–æ–±—Å.) 17:11, 19 –º–∞—è 2022 (UTC)–û—Ç–≤–µ—Ç–∏—Ç—å[–æ—Ç–≤–µ—Ç–∏—Ç—å]

–ó–Ω–∞—á–∏–º–æ—Å—Ç—å –≤–ø–æ–ª–Ω–µ –≤–æ–∑–º–æ–∂–Ω–∞. –í–µ—Ä–æ—è—Ç–Ω—ã–π —Ñ–∞–∫—Ç –≤ –∫–æ–Ω—Ç–µ–∫—Å—Ç–µ –æ–∂–∏–¥–∞–µ–º–æ–≥–æ –ø—Ä–æ–¥–æ–≤–æ–ª—å—Å—Ç–≤–µ–Ω–Ω–æ–≥–æ –∫—Ä–∏–∑–∏—Å–∞ –≤—ã–∑–≤–∞–ª –¥–æ—Å—Ç–∞—Ç–æ—á–Ω–æ –±–æ–ª—å—à–æ–π –º–µ–∂–¥—É–Ω–∞—Ä–æ–¥–Ω—ã–π —Ä–µ–∑–æ–Ω–∞–Ω—Å. –ù–æ —ç—Ç–æ –Ω–∞–¥–æ –ø–æ–∫–∞–∑–∞—Ç—å. Ignatus 17:14, 19 –º–∞—è 2022 (UTC)–û—Ç–≤–µ—Ç–∏—Ç—å[–æ—Ç–≤–µ—Ç–∏—Ç—å]
https://www.cnn.com/2022/05/12/europe/russia-ship-stolen-ukraine-grain-intl-cmd/index.htmlhttps://nv.ua/ukraine/events/rossiyskie-voennye-vyvezli-uzhe-0-5-mln-tonn-zerna-iz-ukrainy-50241962.htmlhttps://www.rfi.fr/ru/—É–∫—Ä–∞–∏–Ω–∞/20220514-—Ä–æ—Å—Å–∏–π—Å–∫–∏–µ-–≤–æ–µ–Ω–Ω—ã–µ-–≤—ã–≤–æ–∑—è—Ç-–∏–∑-—É–∫—Ä–∞–∏–Ω—ã-–∑–µ—Ä–Ω–æ-–∏-–æ—Ç–ø—Ä–∞–≤–ª—è—é—Ç-–µ–≥–æ-–≤-–∫—Ä—ã–º-—Ä—Ñ-–∏-—Å–∏—Ä–∏—éhttps://fortune.com/2022/05/12/russia-stealing-ukraine-grain-selling-it/https://nv.ua/ukraine/events/rossiyskie-voennye-vyvezli-uzhe-0-5-mln-tonn-zerna-iz-ukrainy-50241962.htmlhttps://www.moscowtimes.ru/2022/05/19/ukraina-obvinyaet-rossiyu-v-krazhe-zerna-v-promishlennih-masshtabah-a20476–ú–Ω–µ –∫–∞–∂–µ—Ç—Å—è, –Ω–µ –æ—á–µ–Ω—å –∫–æ–Ω—Å—Ç—Ä—É–∫—Ç–∏–≤–Ω–æ —Å –í–∞—à–µ–π —Å—Ç–æ—Ä–æ–Ω—ã —É—Ç–≤–µ—Ä–∂–¥–∞—Ç—å, —á—Ç–æ —ç—Ç–∏—Ö –∏—Å—Ç–æ—á–Ω–∏–∫–æ–≤ –Ω–µ–¥–æ—Å—Ç–∞—Ç–æ—á–Ω–æ –¥–ª—è –∑–Ω–∞—á–∏–º–æ—Å—Ç–∏ —Å—Ç–∞—Ç—å–∏. Manyareasexpert (–æ–±—Å.) 17:27, 19 –º–∞—è 2022 (UTC)–û—Ç–≤–µ—Ç–∏—Ç—å[–æ—Ç–≤–µ—Ç–∏—Ç—å]
–≠—Ç–æ –Ω–∞–∑—ã–≤–∞–µ—Ç—Å—è –∫—Ä–∞—Ç–∫–æ–≤—Ä–µ–º–µ–Ω–Ω—ã–º –≤—Å–ø–ª–µ—Å–∫–æ–º, –∏—Å—Ç–æ—á–Ω–∏–∫–∏ –Ω–æ–≤–æ—Å—Ç–Ω—ã–µ. –ß–∞—Å—Ç—å –Ω–µ —Å–æ–æ—Ç–≤–µ—Ç—Å—Ç–≤—É–µ—Ç –í–ü:–£–ö–†-–°–ú–ò, –æ–¥–∏–Ω –¥—É–±–ª–∏—Ä—É–µ—Ç—Å—è. –ù–µ–ö–∞–∫–í—Å–µ (–æ–±—Å.) 17:33, 19 –º–∞—è 2022 (UTC)–û—Ç–≤–µ—Ç–∏—Ç—å[–æ—Ç–≤–µ—Ç–∏—Ç—å]
""–∫—Ä–∞—Ç–∫–æ–≤—Ä–µ–º–µ–Ω–Ω—ã–π –≤—Å–ø–ª–µ—Å–∫"" —ç—Ç–æ –∫–∞–∫–æ–π? Manyareasexpert (–æ–±—Å.) 17:59, 19 –º–∞—è 2022 (UTC)–û—Ç–≤–µ—Ç–∏—Ç—å[–æ—Ç–≤–µ—Ç–∏—Ç—å]
–ò–ú–•–û, —è –ø—Ä–æ—Ç–∏–≤ —Ç–∞–∫–∏—Ö —Å—Ç–∞—Ç–µ–π, –Ω–∏—á–µ–≥–æ –Ω–µ –º–µ—à–∞–µ—Ç –¥–æ–±–∞–≤–∏—Ç—å —ç—Ç–æ –Ω–∞–ø—Ä–∏–º–µ—Ä –≤ —Å—Ç–∞—Ç—å—é –æ–± –≠–∫–æ–Ω–æ–º–∏–∫–µ –Ω–∞ —Ñ–æ–Ω–µ —Å–æ–±—ã—Ç–∏–π, –∫ —á–µ–º—É –ø–ª–æ–¥–∏—Ç—å –∫—É—á—É —Å—Ç–∞—Ç–µ–π –æ—Å–Ω–æ–≤–∞–Ω–Ω—ã—Ö —Ç–æ–ª—å–∫–æ –Ω–∞ –Ω–æ–≤–æ—Å—Ç—è—Ö, –±–µ–∑ –∞–Ω–∞–ª–∏–∑–∞, –ø—Ä–æ—Å—Ç–æ —Å—Å—ã–ª–∫–∞, —Å—Å—ã–ª–∫–∞, —Å—Å—ã–ª–∫–∞. ‚Äî ùîñùîûùî´ùî° ùîéùîûùî∞ùî±ùî©ùî¢ 17  (–æ–±—Å.) 17:46, 19 –º–∞—è 2022 (UTC)–û—Ç–≤–µ—Ç–∏—Ç—å[–æ—Ç–≤–µ—Ç–∏—Ç—å]
–ü–æ–±–æ–ª—å—à–µ –±—ã –∑–∞—Ä—É–±–µ–∂–Ω–æ–π –∞–Ω–∞–ª–∏—Ç–∏–∫–∏. –ù–µ —Ñ–∞–∫—Ç, —á—Ç–æ –ø–æ—è–≤–∏—Ç—Å—è –≤ –±–ª–∏–∂–∞–π—à–µ–µ –≤—Ä–µ–º—è. Cementium (–æ–±—Å.) 18:21, 19 –º–∞—è 2022 (UTC)–û—Ç–≤–µ—Ç–∏—Ç—å[–æ—Ç–≤–µ—Ç–∏—Ç—å]
 –£–¥–∞–ª–∏—Ç—å. –ü—Ä–æ–ø–∞–≥–∞–Ω–¥–∏—Å—Ç—Å–∫–∏–π –º—É—Å–æ—Ä. Borland30 (–æ–±—Å.) 02:51, 20 –º–∞—è 2022 (UTC)–û—Ç–≤–µ—Ç–∏—Ç—å[–æ—Ç–≤–µ—Ç–∏—Ç—å]
 –£–¥–∞–ª–∏—Ç—å –∫–æ–Ω–µ—á–Ω–æ. –ó–Ω–∞—á–∏–º–æ—Å—Ç–∏ –Ω–µ—Ç, –∏—Å—Ç–æ—á–Ω–∏–∫–∏ –Ω–æ–≤–æ—Å—Ç–Ω—ã–µ. –ü–µ—Ä–µ–Ω–µ—Å—Ç–∏ –≤ –ü—Ä–æ–¥–æ–≤–æ–ª—å—Å—Ç–≤–µ–Ω–Ω—ã–π –∫—Ä–∏–∑–∏—Å (2022), –Ω–∏ –∫ —á–µ–º—É –ø–ª–æ–¥–∏—Ç—å –º–∏–ª–ª–∏–æ–Ω—ã —Å—Ç–∞—Ç–µ–π –ø–æ –æ–¥–Ω–∏–º —Ç–µ–º–∞–º, –µ—Å–ª–∏ –∏—Ö –º–æ–∂–Ω–æ —É–º–µ—Å—Ç–∏—Ç—å –≤ –æ–¥–Ω–æ–π –æ–±–∑–æ—Ä–Ω–æ–π —Å—Ç–∞—Ç—å–µ.
 –£–¥–∞–ª–∏—Ç—å –í –†–æ—Å—Å–∏–∏, –∫–∞–∫ –∏ –Ω–∞ –£–∫—Ä–∞–∏–Ω–µ, –∫—Ä–∞–∂–∞ - —É–≥–æ–ª–æ–≤–Ω–æ–µ –ø—Ä–µ—Å—Ç—É–ø–ª–µ–Ω–∏–µ. –ù–∏–∫—Ç–æ –Ω–µ –º–æ–∂–µ—Ç –±—ã—Ç—å –æ–±–≤–∏–Ω–µ–Ω –≤ –ø—Ä–µ—Å—Ç—É–ø–ª–µ–Ω–∏–∏ –∫—Ä–æ–º–µ –∫–∞–∫ –ø–æ –ø—Ä–∏–≥–æ–≤–æ—Ä—É —Å—É–¥–∞. –ò—Å—Ç–æ—á–Ω–∏–∫–∏ —Å—Å—ã–ª–∞—é—Ç—Å—è –∏—Å–∫–ª—é—á–∏—Ç–µ–ª—å–Ω–æ –Ω–∞ –ø—Ä–æ-—É–∫—Ä–∞–∏–Ω—Å–∫—É—é —Å—Ç–æ—Ä–æ–Ω—É —Å–æ–±—ã—Ç–∏–π. Mista32 (–æ–±—Å.) 07:45, 20 –º–∞—è 2022 (UTC)–û—Ç–≤–µ—Ç–∏—Ç—å[–æ—Ç–≤–µ—Ç–∏—Ç—å]
–ß—Ç–æ, –ø—Ä—è–º–æ –≤—Å–µ –Ω–æ–≤–æ—Å—Ç–Ω—ã–µ? https://edition.cnn.com/2022/05/12/europe/russia-ship-stolen-ukraine-grain-intl-cmd/index.html –≤–æ—Ç —ç—Ç–æ –Ω–∞–ø—Ä–∏–º–µ—Ä –Ω–æ–≤–æ—Å—Ç–∏? Manyareasexpert (–æ–±—Å.) 09:20, 20 –º–∞—è 2022 (UTC)–û—Ç–≤–µ—Ç–∏—Ç—å[–æ—Ç–≤–µ—Ç–∏—Ç—å]
–¢–∞–º –∂–µ –ø—Ä—è–º–æ –Ω–∞–ø–∏—Å–∞–Ω–æ, —á—Ç–æ —ç—Ç–æ ""report"". ‚Äî Archivero (–æ–±—Å.) 18:48, 20 –º–∞—è 2022 (UTC)–û—Ç–≤–µ—Ç–∏—Ç—å[–æ—Ç–≤–µ—Ç–∏—Ç—å]
report —ç—Ç–æ –Ω–µ —Ä–µ–ø–æ—Ä—Ç–∞–∂, —ç—Ç–æ –æ—Ç—á–µ—Ç Manyareasexpert (–æ–±—Å.) 18:57, 20 –º–∞—è 2022 (UTC)–û—Ç–≤–µ—Ç–∏—Ç—å[–æ—Ç–≤–µ—Ç–∏—Ç—å]
–ê —á—Ç–æ –≤ –≥–∞–∑–µ—Ç–∞—Ö –∂—É—Ä–Ω–∞–ª–∏—Å—Ç—ã –æ—Ç—á—ë—Ç—ã –ø–µ—á–∞—Ç–∞—é—Ç? ‚Äî Archivero (–æ–±—Å.) 09:24, 23 –º–∞—è 2022 (UTC)–û—Ç–≤–µ—Ç–∏—Ç—å[–æ—Ç–≤–µ—Ç–∏—Ç—å]
–Ω–µ –∑–Ω–∞—é –ø—Ä–æ –≥–∞–∑–µ—Ç—ã. –ú—ã –≥–æ–≤–æ—Ä–∏–º –ø—Ä–æ –æ—Ç—á–µ—Ç –Ω–∞ —Å–∞–π—Ç–µ –°–ù–ù Manyareasexpert (–æ–±—Å.) 09:31, 23 –º–∞—è 2022 (UTC)–û—Ç–≤–µ—Ç–∏—Ç—å[–æ—Ç–≤–µ—Ç–∏—Ç—å]
CNN - –¥–æ—Å–ª–æ–≤–Ω–æ ""–ö–∞–±–µ–ª—å–Ω–∞—è –ù–æ–≤–æ—Å—Ç–Ω–∞—è –°–µ—Ç—å"", —Ç–∞–º —Ä–∞–±–æ—Ç–∞—é—Ç –∂—É—Ä–Ω–∞–ª–∏—Å—Ç—ã. –ù–∞ —Å–∞–π—Ç–µ –Ω–æ–≤–æ—Å—Ç–Ω–æ–π —Å–µ—Ç–∏ –∂—É—Ä–Ω–∞–ª–∏—Å—Ç—ã –æ—Ç—á—ë—Ç—ã –ø–µ—á–∞—Ç–∞—é—Ç? ‚Äî Archivero (–æ–±—Å.) 16:12, 24 –º–∞—è 2022 (UTC)–û—Ç–≤–µ—Ç–∏—Ç—å[–æ—Ç–≤–µ—Ç–∏—Ç—å]
–í—ã —É–∂–µ –ø–æ—Å–º–æ—Ç—Ä–µ–ª–∏ –ø—Ä–∞–≤–∏–ª—å–Ω—ã–π –ø–µ—Ä–µ–≤–æ–¥ —Å–ª–æ–≤–∞ report? –ò –æ—Ç—á–µ—Ç—ã, –∏ –∂—É—Ä–Ω–∞–ª–∏—Å—Ç—Å–∫–∏–µ —Ä–∞—Å—Å–ª–µ–¥–æ–≤–∞–Ω–∏—è, –∏ –æ–±–∑–æ—Ä–Ω—ã–µ —Å—Ç–∞—Ç—å–∏ –ø–µ—á–∞—Ç–∞—é—Ç. Manyareasexpert (–æ–±—Å.) 14:08, 25 –º–∞—è 2022 (UTC)–û—Ç–≤–µ—Ç–∏—Ç—å[–æ—Ç–≤–µ—Ç–∏—Ç—å]
–ö–∞–∫ –∫—Ä–∞–∂–∞ –∑–µ—Ä–Ω–∞ —Å–≤—è–∑–∞–Ω–∞ —Å –ø—Ä–æ–¥–æ–≤–æ–ª—å—Å—Ç–≤–µ–Ω–Ω—ã–º –∫—Ä–∏–∑–∏—Å–æ–º?  Mandorakatiki (–æ–±—Å.) 10:28, 20 –º–∞—è 2022 (UTC)–û—Ç–≤–µ—Ç–∏—Ç—å[–æ—Ç–≤–µ—Ç–∏—Ç—å]
–ó–Ω–∞—á–∏–º–æ—Å—Ç—å –µ—Å—Ç—å. –¢–∞–∫–æ–µ —Å–ª—É—á–∞–µ—Ç—Å—è –Ω–µ –∫–∞–∂–¥–æ–µ –¥–µ—Å—è—Ç–∏–ª–µ—Ç–∏–µ. –î–∞ –µ—â–µ –≤ —Ç–∞–∫–∏—Ö –æ–±—ä–µ–º–∞—Ö. –¢–∞–∫ –∫–∞–∫ –Ω–æ–≤–æ—Å—Ç—å —Å–≤–µ–∂–∞—è, –∏–Ω—Ñ–æ—Ä–º–∞—Ü–∏–∏ –ø–æ–∫–∞ –Ω–µ–º–Ω–æ–≥–æ. Mandorakatiki (–æ–±—Å.) 10:25, 20 –º–∞—è 2022 (UTC)–û—Ç–≤–µ—Ç–∏—Ç—å[–æ—Ç–≤–µ—Ç–∏—Ç—å]
 –£–¥–∞–ª–∏—Ç—å. –¢—Ä–∏ –Ω–æ–≤–æ—Å—Ç–Ω—ã—Ö –∑–∞–º–µ—Ç–∫–∏ + –∏–Ω—Ñ–∞ –≤–æ–æ–±—â–µ –Ω–µ –≤ —Ç–µ–º—É (–¥–∞–∂–µ –ø—Ä–æ –ì–æ–ª–æ–¥–æ–º–æ—Ä 30-—Ö) = —Å—Ç–∞—Ç—å—è? –ò –¥–∞ - —Ç–µ–º–∞ –≤—ã–≤–æ–∑–∞ ""–ù—É—Ç–µ–ª–ª—ã"" –Ω–µ —Ä–∞—Å–∫—Ä—ã—Ç–∞. ‚Äî Archivero (–æ–±—Å.) 18:48, 20 –º–∞—è 2022 (UTC)–û—Ç–≤–µ—Ç–∏—Ç—å[–æ—Ç–≤–µ—Ç–∏—Ç—å]
–í—ã—à–µ –í—ã –æ—à–∏–±–ª–∏—Å—å —Å –ø–µ—Ä–µ–≤–æ–¥–æ–º Manyareasexpert (–æ–±—Å.) 18:58, 20 –º–∞—è 2022 (UTC)–û—Ç–≤–µ—Ç–∏—Ç—å[–æ—Ç–≤–µ—Ç–∏—Ç—å]
–¢—É—Ç —Ç–æ –∑–∞—á–µ–º –Ω–∞–ø–∏—Å–∞–ª–∏? –í—ã—à–µ –∏ –æ—Ç–≤–µ—Ç–∏–ª. –ù–µ –æ—à–∏–±—Å—è. ‚Äî Archivero (–æ–±—Å.) 09:24, 23 –º–∞—è 2022 (UTC)–û—Ç–≤–µ—Ç–∏—Ç—å[–æ—Ç–≤–µ—Ç–∏—Ç—å]
 –ë—ã—Å—Ç—Ä–æ —É–¥–∞–ª–∏—Ç—å, –∑–∞—á–µ–º –ø–ª–æ–¥–∏—Ç—å —Ç–∞–∫–∏–µ —Å—Ç–∞—Ç—å–∏, —á–∏—Å—Ç–æ –ø—Ä–æ–ø–∞–≥–∞–Ω–¥–∏—Å—Ç—Å–∫–∏–µ,–æ—Å–Ω–æ–≤–∞–Ω–Ω—ã–µ –ª–∏—à—å –Ω–µ—Ç –Ω–æ–≤–æ—Å—Ç–Ω—ã—Ö –∏—Å—Ç–æ—á–Ω–∏–∫–∞—Ö? –¢–µ–º –±–æ–ª–µ–µ —á–µ—Ç–∫–∏—Ö –¥–æ–∫–∞–∑–∞—Ç–µ–ª—å—Å—Ç–≤ –Ω–µ—Ç. Dart molt1 (–æ–±—Å.) 01:20, 20 –º–∞—è 2022 (UTC)–û—Ç–≤–µ—Ç–∏—Ç—å[–æ—Ç–≤–µ—Ç–∏—Ç—å]
–¢–æ–≥–¥–∞ –Ω–∞–¥–æ —É–¥–∞–ª—è—Ç—å –•—Ä–æ–Ω–æ–ª–æ–≥–∏—è –ø—Ä–∏—Å–æ–µ–¥–∏–Ω–µ–Ω–∏—è –ö—Ä—ã–º–∞ –∫ –†–æ—Å—Å–∏–π—Å–∫–æ–π –§–µ–¥–µ—Ä–∞—Ü–∏–∏. –¢–∞–º —Ç–æ–∂–µ ¬´–æ–¥–Ω–∞ –ø—Ä–æ–ø–∞–≥–∞–Ω–¥–∞¬ª –Ω–∞ –Ω–æ–≤–æ—Å—Ç–Ω—ã—Ö –∏—Å—Ç–æ—á–Ω–∏–∫–∞—Ö. –ö–∞–∫–æ–π –∏–∑ –∞–≤—Ç–æ—Ä–∏—Ç–µ—Ç–Ω—ã—Ö –∏—Å—Ç–æ—á–Ω–∏–∫–æ–≤ —á–µ—Ç–∫–æ —É–∫–∞–∑—ã–≤–∞–µ—Ç, —á—Ç–æ –¥–æ–∫–∞–∑–∞—Ç–µ–ª—å—Å—Ç–≤ –Ω–µ—Ç? Mandorakatiki (–æ–±—Å.) 15:07, 21 –º–∞—è 2022 (UTC)–û—Ç–≤–µ—Ç–∏—Ç—å[–æ—Ç–≤–µ—Ç–∏—Ç—å]
–ù—É –≤—ã —Å—Ä–∞–≤–Ω–∏–ª–∏ –∫–æ–Ω–µ—á–Ω–æ, –æ–±—â–µ–∏–∑–≤–µ—Å—Ç–Ω–æ–µ —Å–æ–±—ã—Ç–∏–µ –∏ —Å–æ–±—ã—Ç–∏–µ –Ω–∏—á–µ–º –Ω–µ –¥–æ–∫–∞–∑–∞–Ω–Ω–æ–µ, –ª–∏—à—å —É–∫—Ä–∞–∏–Ω—Å–∫–∏–µ –Ω–æ–≤–æ—Å—Ç–Ω—ã–µ –∏—Å—Ç–æ—á–Ω–∏–∫–∏ –∏ –Ω–µ—Å–∫–æ–ª—å–∫–æ –∑–∞—Ä—É–±–µ–∂–Ω—ã—Ö –æ—Å–Ω–æ–≤–∞–Ω–Ω—ã—Ö –ª–∏—à—å –Ω–∞ —É–∫—Ä–∞–∏–Ω—Å–∫–∏—Ö –∑–∞—è–≤–ª–µ–Ω–∏—è—Ö. Dart molt1 (–æ–±—Å.) 20:50, 21 –º–∞—è 2022 (UTC)–û—Ç–≤–µ—Ç–∏—Ç—å[–æ—Ç–≤–µ—Ç–∏—Ç—å]
–ù—É –∫–æ–Ω–µ—á–Ω–æ, –≤—Å—ë –∫–∞–∫ –≤ –ë—É—á–µ - –≤—ã–≤—Å–µ–≤—Ä–µ—Ç–µ. –ü–æ–º–∏–º–æ –æ—Ñ–∏—Ü–∏–∞–ª—å–Ω—ã—Ö –∑–∞—è–≤–ª–µ–Ω–∏–π –µ—Å—Ç—å –µ—â–µ –ø–æ–∫–∞–∑–∞–Ω–∏—è —Å–≤–∏–¥–µ—Ç–µ–ª–µ–π [3] –∏ –≤–∏–¥–µ–æ —Å –∫–æ–ª–æ–Ω–Ω–∞–º–∏ –≥—Ä—É–∑–æ–≤–∏–∫–æ–≤.Mandorakatiki (–æ–±—Å.) 08:36, 23 –º–∞—è 2022 (UTC)–û—Ç–≤–µ—Ç–∏—Ç—å[–æ—Ç–≤–µ—Ç–∏—Ç—å]
–ù–µ—Ç, –Ω–∞–¥–æ –≤—Å–µ–º—É –≤–µ—Ä–∏—Ç—å, –æ—Å–æ–±–µ–Ω–Ω–æ —á–∏–Ω–æ–≤–Ω–∏—Ü–∞–º, –∫–æ—Ç–æ—Ä—ã–µ —Å–±–µ–≥–∞—é—Ç –ø–æ—Å–ª–µ –≤—Ç–æ—Ä–∂–µ–Ω–∏—è –∏ –∫–æ—Ç–æ—Ä—ã–µ –ø–æ—Å–ª–µ —ç—Ç–æ–≥–æ –∑–Ω–∞—é—Ç, —á—Ç–æ ""–æ–∫–∫—É–ø–∞—Ü–∏–æ–Ω–Ω—ã–µ –≤–ª–∞—Å—Ç–∏"" —Å–æ–±–∏—Ä–∞—é—Ç—Å—è –¥–µ–ª–∞—Ç—å. 87.117.2.235 12:26, 20 –æ–∫—Ç—è–±—Ä—è 2022 (UTC)–û—Ç–≤–µ—Ç–∏—Ç—å[–æ—Ç–≤–µ—Ç–∏—Ç—å]
 –û—Å—Ç–∞–≤–∏—Ç—å, –¥–æ—Ä–∞–±–æ—Ç–∞—Ç—å. –¢–µ–º—É –æ—Å–≤–µ—â–∞–ª–∏ –Ω–µ —Ç–æ–ª—å–∫–æ –Ω–æ–≤–æ—Å—Ç–Ω—ã–µ –∏–∑–¥–∞–Ω–∏—è, –Ω–µ —Ç–æ–ª—å–∫–æ —É–∫—Ä–∞–∏–Ω—Å–∫–∏–µ, –∏ —ç—Ç–æ –Ω–µ –∫—Ä–∞—Ç–∫–æ–≤—Ä–µ–º–µ–Ω–Ω—ã–π –≤—Å–ø–ª–µ—Å–∫, —Ç–∞–∫ –∫–∞–∫ –ø–µ—Ä–≤—ã–µ —É–ø–æ–º–∏–Ω–∞–Ω–∏—è –∫—Ä–∞–∂–∏ –∑–µ—Ä–Ω–∞ –¥–∞—Ç–∏—Ä—É—é—Ç—Å—è –µ—â—ë —è–Ω–≤–∞—Ä–µ–º. 1, 2, 3, 4, 5 Zombie288 (–æ–±—Å.) 08:50, 22 –º–∞—è 2022 (UTC)–û—Ç–≤–µ—Ç–∏—Ç—å[–æ—Ç–≤–µ—Ç–∏—Ç—å]
 –ë—ã—Å—Ç—Ä–æ —É–¥–∞–ª–∏—Ç—å  ‚Äî¬†–≠—Ç–∞ —Ä–µ–ø–ª–∏–∫–∞ –¥–æ–±–∞–≤–ª–µ–Ω–∞ —Å IP 95.47.119.118 (–æ)
–£–≤–∞–∂–∞–µ–º—ã–π –∞–Ω–æ–Ω–∏–º, —ç—Ç–æ –Ω–µ –≥–æ–ª–æ—Å–æ–≤–∞–Ω–∏–µ. Cementium (–æ–±—Å.) 19:36, 23 –º–∞—è 2022 (UTC)–û—Ç–≤–µ—Ç–∏—Ç—å[–æ—Ç–≤–µ—Ç–∏—Ç—å]
 –£–¥–∞–ª–∏—Ç—å. –ö–∞–∫ —É–∂–µ —Å–∫–∞–∑–∞–ª –∫–æ–ª–ª–µ–≥–∞, —Å–ª–µ–¥—É–µ—Ç –ø–µ—Ä–µ–Ω–µ—Å—Ç–∏ –≤ –ü—Ä–æ–¥–æ–≤–æ–ª—å—Å—Ç–≤–µ–Ω–Ω—ã–π –∫—Ä–∏–∑–∏—Å (2022), —Ç–∞–∫ –∫–∞–∫ –æ–¥–Ω–æ–π –∏–∑ –ø—Ä–∏—á–∏–Ω –¥–∞–Ω–Ω–æ–≥–æ –∫—Ä–∏–∑–∏—Å–∞ —è–≤–ª—è–µ—Ç—Å—è –ø—Ä–µ–¥–º–µ—Ç —Å—Ç–∞—Ç—å–∏. ‚Äî Rum man (–æ–±—Å.) 02:50, 24 –º–∞—è 2022 (UTC)–û—Ç–≤–µ—Ç–∏—Ç—å[–æ—Ç–≤–µ—Ç–∏—Ç—å]
 –£–¥–∞–ª–∏—Ç—å. –ö–æ–Ω—Ç–µ–Ω—Ç —è–≤–Ω–æ —á–∞—Å—Ç—å –∏–Ω—Ñ–æ—Ä–º–∞—Ü–∏–æ–Ω–Ω—ã—Ö –±–∞—Ç–∞–ª–∏–π –∏ –Ω–µ —Å–æ–¥–µ—Ä–∂–∏—Ç —Ñ–∞–∫—Ç–æ–≤ –¥–æ–∫–∞–∑—ã–≤–∞—é—â–∏—Ö –ø—Ä–æ–∏—Å—Ö–æ–¥—è—â–µ–µ.
 –£–¥–∞–ª–∏—Ç—å –°–µ–π—á–∞—Å —Å—Ç–∞—Ç—å—è –ø—Ä–µ–¥—Å—Ç–∞–≤–ª—è–µ—Ç –∏–∑ —Å–µ–±—è –ø—Ä–æ—Å—Ç–æ –Ω–∞–±–æ—Ä –≥—Ä–æ–º–∫–∏—Ö –∑–∞–≥–æ–ª–æ–≤–∫–æ–≤ –∏ –∑–∞—è–≤–ª–µ–Ω–∏–π. –ù–∏–∫–∞–∫–æ–π –≥–ª—É–±–æ–∫–æ–π –∏ —Ä–∞–∑–≤—ë—Ä–Ω—É—Ç–æ–π –∞–Ω–∞–ª–∏—Ç–∏–∫–∏ –≤–æ–ø—Ä–æ—Å–∞ –Ω–µ –Ω–∞–±–ª—é–¥–∞–µ—Ç—Å—è, —á—Ç–æ –ø–æ–∫–∞–∑—ã–≤–∞–µ—Ç –∏ –æ—Ç—Å—É—Ç—Å—Ç–≤–∏–µ –∑–Ω–∞—á–∏–º–æ—Å—Ç–∏.‚Äî Kursant504 (–æ–±—Å.) 06:26, 24 –º–∞—è 2022 (UTC)–û—Ç–≤–µ—Ç–∏—Ç—å[–æ—Ç–≤–µ—Ç–∏—Ç—å]
 –ë—ã—Å—Ç—Ä–æ —É–¥–∞–ª–∏—Ç—å –¢—É—Ç –∏—Å–∫–ª—é—á–∏—Ç–µ–ª—å–Ω–æ —É–∫—Ä–∞–∏–Ω—Å–∫–∞—è –ø—Ä–æ–ø–∞–≥–∞–Ω–¥–∞, –Ω–µ—Ç –Ω–∏–∫–∞–∫–æ–≥–æ –æ–±–∑–æ—Ä–∞ –ø—Ä–æ—Ä–æ—Å—Å–∏–π—Å–∫–∏—Ö –∏—Å—Ç–æ—á–Ω–∏–∫–æ–≤.
–ü–æ –ø–æ–≤–æ–¥—É ""—É–∫—Ä–∞–∏–Ω—Å–∫–æ–π –ø—Ä–æ–ø–∞–≥–∞–Ω–¥—ã"": –≤ –¥–∞–Ω–Ω—ã–π –º–æ–º–µ–Ω—Ç –≤ —Å—Ç–∞—Ç—å–µ –Ω–∏ –æ–¥–Ω–æ–≥–æ —É–∫—Ä–∞–∏–Ω—Å–∫–æ–≥–æ –∏—Å—Ç–æ—á–Ω–∏–∫–∞, –∞ –≤—Å–µ –∏–º–µ—é—â–∏–µ—Å—è –ø—Ä–æ—Ö–æ–¥—è—Ç –ø–æ –í–ü:–£–ö–†. –û—á–µ–Ω—å –≤–µ—Å–∫–∏–º –∞—Ä–≥—É–º–µ–Ω—Ç–æ–º –≤ –ø–æ–ª—å–∑—É –∑–Ω–∞—á–∏–º–æ—Å—Ç–∏ —è–≤–ª—è–µ—Ç—Å—è –¥–µ—è—Ç–µ–ª—å–Ω–æ—Å—Ç—å —Ç—Ä–µ—Ç—å–µ–π —Å—Ç–æ—Ä–æ–Ω—ã - –≤ —á–∞—Å—Ç–Ω–æ—Å—Ç–∏, –ï–≥–∏–ø—Ç–∞. –≠—Ç–æ –ø—Ä—è–º–æ–µ —Å–≤–∏–¥–µ—Ç–µ–ª—å—Å—Ç–≤–æ –º–∞—Å—à—Ç–∞–±–Ω–æ—Å—Ç–∏ —Ç–µ–º–∞—Ç–∏–∫–∏ –∏ –≤—ã—Ö–æ–¥–∞ –µ—ë –∑–∞ —Ä–∞–º–∫–∏ —Ä–æ—Å—Å–∏–π—Å–∫–æ-—É–∫—Ä–∞–∏–Ω—Å–∫–æ–≥–æ –∏–Ω—Ñ–æ–ø–æ–ª—è.  –ë—ã—Å—Ç—Ä–æ –æ—Å—Ç–∞–≤–∏—Ç—å. –ù–µ –ø–æ–¥–¥–µ—Ä–∂–∏–≤–∞—é –ø–µ—Ä–µ–Ω–æ—Å –≤ –ø—Ä–æ–¥–æ–≤–æ–ª—å—Å—Ç–≤–µ–Ω–Ω—ã–π –∫—Ä–∏–∑–∏—Å - —Ç–µ–º—ã, –≤–æ–∑–º–æ–∂–Ω–æ, —Å–≤—è–∑–∞–Ω–Ω—ã–µ (—ç—Ç–æ –µ—â—ë –Ω–∞–¥–æ –¥–æ–∫–∞–∑–∞—Ç—å –ê–ò), –Ω–æ –æ–¥–Ω–∞ –Ω–µ —è–≤–ª—è–µ—Ç—Å—è —á–∞—Å—Ç—å—é –¥—Ä—É–≥–æ–π, —á—Ç–æ–±—ã –æ–±–æ–∑–Ω–∞—á–∞—Ç—å –µ—ë —Ä–∞–∑–¥–µ–ª–æ–º. Cementium (–æ–±—Å.) 15:27, 24 –º–∞—è 2022 (UTC)–û—Ç–≤–µ—Ç–∏—Ç—å[–æ—Ç–≤–µ—Ç–∏—Ç—å]
–¢–æ–≥–¥–∞ –ø—Ä–æ—É–∫—Ä–∞–∏–Ω—Å–∫–∞—è –ø—Ä–æ–ø–∞–≥–∞–Ω–¥–∞. 87.117.2.235 12:30, 19 –æ–∫—Ç—è–±—Ä—è 2022 (UTC)–û—Ç–≤–µ—Ç–∏—Ç—å[–æ—Ç–≤–µ—Ç–∏—Ç—å]
–ü—Ä–µ–¥–≤–∞—Ä–∏—Ç–µ–ª—å–Ω—ã–π –∏—Ç–æ–≥
–≠—Ç–∞ —Å—Ç—Ä–∞–Ω–∏—Ü–∞ ‚Äî –Ω–µ –≥–æ–ª–æ—Å–æ–≤–∞–Ω–∏–µ. –°–æ—Ç–Ω—è —Å–æ–æ–±—â–µ–Ω–∏–π ""—É–¥–∞–ª–∏—Ç—å"" –Ω–µ –ø–æ–º–æ–∂–µ—Ç. –ü—Ä–∏—á–∏—Å–ª–µ–Ω–∏–µ CNN (—Å –ø–æ–¥—Ä–æ–±–Ω–æ–π –∞–Ω–∞–ª–∏—Ç–∏–∫–æ–π), Washington Post –∏ Reuters, –∫–æ—Ç–æ—Ä—ã–µ —É–∂–µ –µ—Å—Ç—å –≤ —Å—Ç–∞—Ç—å–µ, –∫ ""—É–∫—Ä–∞–∏–Ω—Å–∫–æ–π –ø—Ä–æ–ø–∞–≥–∞–Ω–¥–µ"" –Ω–µ—Å–æ—Å—Ç–æ—è—Ç–µ–ª—å–Ω–æ. –ï—Å–ª–∏ –º–∞–ª–æ —ç—Ç–∏—Ö —Ç—Ä–æ–∏—Ö, —Ç–æ –≤–æ—Ç –µ—â—ë CNBC, Independent, Telegraph, Newsweek, –∏ –ø—Ä–∏ –∂–µ–ª–∞–Ω–∏–∏ –º–æ–∂–Ω–æ –Ω–∞–π—Ç–∏ –º–Ω–æ–≥–æ –µ—â—ë. –°–æ–≥–ª–∞—Å–Ω–æ —Ç–µ–∫—É—â–µ–º—É –∫–æ–Ω—Å–µ–Ω—Å—É—Å—É, –∫–æ–≥–¥–∞ –µ—Å—Ç—å –±–æ–ª—å—à–æ–π –∏–Ω—Ç–µ—Ä–µ—Å –≤–µ–¥—É—â–∏—Ö –º–∏—Ä–æ–≤—ã—Ö –°–ú–ò, –Ω—É–∂–Ω–æ –æ—Å—Ç–∞–≤–∏—Ç—å —É—Å–ª–æ–≤–Ω–æ –Ω–∞ –≥–æ–¥. –ü–æ–ª–Ω–æ–º–æ—á–∏–π –ø–æ—Å—Ä–µ–¥–Ω–∏–∫–∞ –Ω–µ –∏–º–µ—é, –ø–æ—Ç–æ–º—É –∏—Ç–æ–≥ –ø—Ä–µ–¥–≤–∞—Ä–∏—Ç–µ–ª—å–Ω—ã–π. Swarrel (–æ–±—Å.) 21:07, 26 –º–∞—è 2022 (UTC)–û—Ç–≤–µ—Ç–∏—Ç—å[–æ—Ç–≤–µ—Ç–∏—Ç—å]

–ü–æ–¥–¥–µ—Ä–∂–∏–≤–∞—é. –°–æ–±—ã—Ç–∏–µ –∑–Ω–∞—á–∏–º–æ–µ –∫–∞–∫ –≤—Å–ª–µ–¥—Å—Ç–≤–∏–µ —à–∏—Ä–æ–∫–æ–π –æ—Å–≤–µ—â—ë–Ω–Ω–æ—Å—Ç–∏ –≤ –º–∏—Ä–æ–≤—ã—Ö –°–ú–ò (–∑–∞ –∏—Å–∫–ª—é—á–µ–Ω–∏–µ–º —Ä–æ—Å—Å–∏–π—Å–∫–∏—Ö, –ø–æ –ø–æ–Ω—è—Ç–Ω—ã–º –ø—Ä–∏—á–∏–Ω–∞–º), —Ç–∞–∫ –∏ –≤ –∫–æ–Ω—Ç–µ–∫—Å—Ç–µ —Å–æ–±—ã—Ç–∏–π (–≤–æ–π–Ω—ã –∏ –ø—Ä–æ–¥–æ–≤–æ–ª—å—Å—Ç–≤–µ–Ω–Ω–æ–≥–æ –∫—Ä–∏–∑–∏—Å–∞). –°—Ç–∞—Ç—å—è —è–≤–Ω–æ –∑–∞—Å–ª—É–∂–∏–≤–∞–µ—Ç —Ç–æ–≥–æ, —á—Ç–æ–±—ã –µ—ë  –û—Å—Ç–∞–≤–∏—Ç—å –∏ –¥–æ–ø–æ–ª–Ω–∏—Ç—å. BlackHust –æ–±—Å 12:25, 29 –º–∞—è 2022 (UTC)–û—Ç–≤–µ—Ç–∏—Ç—å[–æ—Ç–≤–µ—Ç–∏—Ç—å]
–ê –∫ –ø—Ä–æ—É–∫—Ä–∞–∏–Ω—Å–∫–æ–π –ø—Ä–æ–ø–∞–≥–∞–Ω–¥–µ –∏—Ö –º–æ–∂–Ω–æ –ø—Ä–∏—á–∏—Å–ª–∏—Ç—å? –°–æ—Å—Ç–æ—è—Ç–µ–ª—å–Ω–æ –∂–µ. 87.117.2.235 12:29, 19 –æ–∫—Ç—è–±—Ä—è 2022 (UTC)–û—Ç–≤–µ—Ç–∏—Ç—å[–æ—Ç–≤–µ—Ç–∏—Ç—å]
–ò—Ç–æ–≥
–ò—Å—Ç–æ—á–Ω–∏–∫–∏ –Ω–µ –±–æ–ª–µ–µ –Ω–æ–≤–æ—Å—Ç–Ω—ã–µ, —á–µ–º –≤–æ –≤—Å–µ—Ö –¥—Ä—É–≥–∏—Ö —Å—Ç–∞—Ç—å—è—Ö –¥–∞–Ω–Ω–æ–π —Ç–µ–º–∞—Ç–∏–∫–∏, –∏ –Ω–∞—Å—Ç–æ–ª—å–∫–æ –Ω–µ–∑–∞–≤–∏—Å–∏–º—ã–µ –æ—Ç —Å—Ç–æ—Ä–æ–Ω –∫–æ–Ω—Ñ–ª–∏–∫—Ç–∞, –Ω–∞—Å–∫–æ–ª—å–∫–æ —ç—Ç–æ –≤–æ–∑–º–æ–∂–Ω–æ –≤ —Ç–µ–∫—É—â–∏—Ö –æ–±—Å—Ç–æ—è—Ç–µ–ª—å—Å—Ç–≤–∞—Ö. –í–ª–∏–≤–∞–Ω–∏–µ —ç—Ç–æ–≥–æ –º–∞—Ç–µ—Ä–∏–∞–ª–∞ –≤ –±–æ–ª–µ–µ –æ–±—â—É—é —Å—Ç–∞—Ç—å—é –ü—Ä–æ–¥–æ–≤–æ–ª—å—Å—Ç–≤–µ–Ω–Ω—ã–π –∫—Ä–∏–∑–∏—Å (2022), —É–∂–µ —Å–µ–π—á–∞—Å –∏–º–µ—é—â—É—é –æ–±—ä—ë–º 50K (–∞ –≤–µ–¥—å —ç—Ç–æ —Ç–æ–ª—å–∫–æ –Ω–∞—á–∞–ª–æ –∫–∞—Ç–∞—Å—Ç—Ä–æ—Ñ—ã), —è–≤–Ω–æ –Ω–µ—Ü–µ–ª–µ—Å–æ–æ–±—Ä–∞–∑–Ω–æ. –û—Å—Ç–∞–≤–ª–µ–Ω–æ. –ù–µ –æ—á–µ–Ω—å –ø–æ–Ω–∏–º–∞—é, –∑–∞—á–µ–º –∫–æ–ª–ª–µ–≥–∞ Swarrel –ø–æ–¥–≤—ë–ª —Å–≤–æ–π –∏—Ç–æ–≥ –∫–∞–∫ –ø—Ä–µ–¥–≤–∞—Ä–∏—Ç–µ–ª—å–Ω—ã–π: —Å–æ–≥–ª–∞—Å–Ω–æ –í–∏–∫–∏–ø–µ–¥–∏—è:–ö –ø–æ—Å—Ä–µ–¥–Ω–∏—á–µ—Å—Ç–≤—É/–£–∫—Ä–∞–∏–Ω–∞/–†–µ–≥–ª–∞–º–µ–Ω—Ç, ""–ø–æ—Å—Ä–µ–¥–Ω–∏–∫–∏ –Ω–µ –æ–±–ª–∞–¥–∞—é—Ç –∫–∞–∫–∏–º–∏-–ª–∏–±–æ –æ—Å–æ–±—ã–º–∏ –ø–æ–ª–Ω–æ–º–æ—á–∏—è–º–∏ –ø—Ä–∏ –ø–æ–¥–≤–µ–¥–µ–Ω–∏–∏ –∏—Ç–æ–≥–æ–≤ –ø–æ —É–¥–∞–ª–µ–Ω–∏—é, –≤–æ—Å—Å—Ç–∞–Ω–æ–≤–ª–µ–Ω–∏—é, –ø–µ—Ä–µ–∏–º–µ–Ω–æ–≤–∞–Ω–∏—é —Å—Ç–∞—Ç–µ–π"". –ê–Ω–¥—Ä–µ–π –†–æ–º–∞–Ω–µ–Ω–∫–æ (–æ–±—Å.) 14:46, 29 –º–∞—è 2022 (UTC)–û—Ç–≤–µ—Ç–∏—Ç—å[–æ—Ç–≤–µ—Ç–∏—Ç—å]

Imperial Esports
–° –±—ã—Å—Ç—Ä–æ–≥–æ. –í–µ—Å—å–º–∞ –∏–∑–≤–µ—Å—Ç–Ω—ã–π –∫–ª—É–±, –Ω–æ –≤ –≤–æ—Ä–æ—Ö–µ –ø—É–±–ª–∏–∫–∞—Ü–∏–π —Ç—Ä—É–¥–Ω–æ –Ω–∞–π—Ç–∏ –Ω–µ–Ω–æ–≤–æ—Å—Ç–Ω—É—é –∏–Ω—Ñ–æ—Ä–º–∞—Ü–∏—é, –¥–∞ –∏ —Å—Ç–∏–ª—å —Å—Ç–∞—Ç—å–∏ (–Ω–∞ –≤–∑–≥–ª—è–¥ –¥–∞–ª—ë–∫–æ–≥–æ –æ—Ç –∫–∏–±–µ—Ä—Å–ø–æ—Ä—Ç–∞ —á–µ–ª–æ–≤–µ–∫–∞) —Ö—Ä–æ–º–∞–µ—Ç. Ignatus 17:12, 19 –º–∞—è 2022 (UTC)–û—Ç–≤–µ—Ç–∏—Ç—å[–æ—Ç–≤–µ—Ç–∏—Ç—å]

–ü–æ–ø—Ä–∞–≤–∏–ª —Å—Ç–∏–ª—å, –¥–æ–ø–æ–ª–Ω–∏–ª –ø—Ä–æ —É—á–∞—Å—Ç–∏–µ –≤ –º–µ–π–¥–∂–æ—Ä–µ (+ –∑–Ω–∞—á–∏–º–æ—Å—Ç—å). –ú–æ–∂–Ω–æ –æ—Å—Ç–∞–≤–ª—è—Ç—å –∫–∞–∫ —Å—Ç–∞–±. Dipish mot (–æ–±—Å.) 10:45, 6 –∞–≤–≥—É—Å—Ç–∞ 2022 (UTC)–û—Ç–≤–µ—Ç–∏—Ç—å[–æ—Ç–≤–µ—Ç–∏—Ç—å]
–î–æ–ø–æ–ª–Ω–∏–ª –µ—â–µ –∏–Ω—Ñ–æ—Ä–º–∞—Ü–∏—é –ø—Ä–æ Imperial Esports. –î—É–º–∞—é –º–æ–∂–Ω–æ —Ç–µ–ø–µ—Ä—å —Å–æ—Ö—Ä–∞–Ω—è—Ç—å. –°—Ç–∞—Ç—å—è —Å—Ç–∞–±–∏–ª—å–Ω–∞—è –ê–π–¥–∞—Ä –ì–∞—Ä–∏—Ñ—É–ª–ª–∏–Ω (–æ–±—Å.) 17:12, 25 —Ñ–µ–≤—Ä–∞–ª—è 2023 (UTC)–û—Ç–≤–µ—Ç–∏—Ç—å[–æ—Ç–≤–µ—Ç–∏—Ç—å]
–û–ø–ø–µ–ª—å, –í–ª–∞–¥–∏–º–∏—Ä –í–ª–∞–¥–∏–º–∏—Ä–æ–≤–∏—á
 –°–ø–∏—Å–æ–∫ —É–¥–∞–ª—è–≤—à–∏—Ö—Å—è —Å—Ç–∞—Ç–µ–π —Å –ø–æ—Ö–æ–∂–∏–º –∏–º–µ–Ω–µ–º: –Ω–∞–π–¥–µ–Ω–æ 3 —Å—Ç–∞—Ç—å–∏. -- QBA-II-bot (–æ–±—Å.) 18:13, 19 –º–∞—è 2022 (UTC)–û—Ç–≤–µ—Ç–∏—Ç—å[–æ—Ç–≤–µ—Ç–∏—Ç—å]
—Å –±—ã—Å—Ç—Ä–æ–≥–æ, —Ç—É–¥–∞ - –ø–æ –Ω–µ–∑–Ω–∞—á–∏–º–æ—Å—Ç–∏, –æ—Å–ø–∞—Ä–∏–≤–∞–ª–æ—Å—å. —Å–æ–≤–µ—Ç—Å–∫–∏–π –±–∏–æ—Ö–∏–º–∏–∫. –æ—á–µ–Ω—å –≤–µ—Ä–æ—è—Ç–Ω–æ –∑–Ω–∞—á–∏–º –∏ –ø–æ –£–ß, –∏ –ø–æ –ü–†–û–®–õ–û–ï, –æ–¥–Ω–∞–∫–æ —Ç—Ä–µ–±—É–µ—Ç—Å—è —É—Å—Ç—Ä–∞–Ω–∏—Ç—å —Å–æ–≤–ø–∞–¥–µ–Ω–∏–µ —Å —ç—Ç–∏–º –∏—Å—Ç–æ—á–Ω–∏–∫–æ–º. ‚Äî Halcyon5 (–æ–±—Å.) 18:08, 19 –º–∞—è 2022 (UTC)–û—Ç–≤–µ—Ç–∏—Ç—å[–æ—Ç–≤–µ—Ç–∏—Ç—å]

–ö–æ–ª–ª–µ–≥–∞ @Grigogosha, —Ç—Ä–µ–±—É–µ—Ç—Å—è –ø–µ—Ä–µ–ø–∏—Å–∞—Ç—å —Å–≤–æ–∏–º–∏ —Å–ª–æ–≤–∞–º–∏, –¥–∞–±—ã —Å—Ç–∞—Ç—å—è –Ω–µ –±—ã–ª–∞ —É–¥–∞–ª–µ–Ω–∞ –∑–∞ –Ω–∞—Ä—É—à–µ–Ω–∏–µ –∞–≤—Ç–æ—Ä—Å–∫–æ–≥–æ –ø—Ä–∞–≤–∞. –í–∏–∫–∏–∑–∞–≤—Ä (–æ–±—Å.) 20:37, 25 –∏—é–Ω—è 2022 (UTC)–û—Ç–≤–µ—Ç–∏—Ç—å[–æ—Ç–≤–µ—Ç–∏—Ç—å]
–í—É–¥—Ä–∞—Ñ—Ñ, –†–æ–±–µ—Ä—Ç
 –°–ø–∏—Å–æ–∫ —É–¥–∞–ª—è–≤—à–∏—Ö—Å—è —Å—Ç–∞—Ç–µ–π —Å –ø–æ—Ö–æ–∂–∏–º –∏–º–µ–Ω–µ–º: –Ω–∞–π–¥–µ–Ω–∞ 1 —Å—Ç–∞—Ç—å—è. -- QBA-II-bot (–æ–±—Å.) 19:44, 19 –º–∞—è 2022 (UTC)–û—Ç–≤–µ—Ç–∏—Ç—å[–æ—Ç–≤–µ—Ç–∏—Ç—å]
–ü—Ä–∏ –≤—Å–µ–π –∑–Ω–∞—á–∏–º–æ—Å—Ç–∏ –µ–≥–æ –∫–∞–∫ –ø—Ä–µ–∑–∏–¥–µ–Ω—Ç–∞ –∫–æ–º–ø–∞–Ω–∏–∏ The Coca-Cola Company —ç—Ç–æ –Ω–µ–ª—å–∑—è –Ω–∞–∑–≤–∞—Ç—å —Å—Ç–∞—Ç—å—ë–π (–º–∞—à–∏–Ω–Ω—ã–π –ø–µ—Ä–µ–≤–æ–¥ —à–∞–ø–∫–∏ –∏ –µ—â—ë –Ω–µ–ø–æ–Ω—è—Ç–Ω–æ –∫–∞–∫ —Å–∫–æ–ø–∏—Ä–æ–≤–∞–Ω–Ω—ã–µ –¥–∞–Ω–Ω—ã–µ –∏–∑ –∫–∞—Ä—Ç–æ—á–∫–∏). Mark Ekimov (–æ–±—Å.) 19:43, 19 –º–∞—è 2022 (UTC)–û—Ç–≤–µ—Ç–∏—Ç—å[–æ—Ç–≤–µ—Ç–∏—Ç—å]

–ü—Ä–∏—á–µ—Å–∞–ª –¥–æ –º–∏–Ω–∏–º–∞–ª—å–Ω–æ–≥–æ —Å—Ç–∞–±–∞. –ß—Ç–æ –∫–∞—Å–∞–µ—Ç—Å—è –∫–∞—Ä—Ç–æ—á–∫–∏, —Ç—É—Ç –≤–æ–æ–±—â–µ –Ω–∏–∫–∞–∫–∏—Ö –≤–æ–ø—Ä–æ—Å–æ–≤ –Ω–µ—Ç - –≤—Å—ë –∏–∑ –í–∏–∫–∏–¥–∞–Ω–Ω—ã—Ö —Ç—è–Ω–µ—Ç—Å—è. –ê—Ä—Ç—ë–º –õ. (–æ–±—Å.) 04:55, 20 –º–∞—è 2022 (UTC)–û—Ç–≤–µ—Ç–∏—Ç—å[–æ—Ç–≤–µ—Ç–∏—Ç—å]
Mark Ekimov, –∫–æ–ª–ª–µ–≥–∞ –ê—Ä—Ç—ë–º –õ. –∏ —è, –∏—Å–ø—Ä–∞–≤–∏–ª–∏ –æ–≥—Ä–µ—Ö–∏, —Ç–∞–∫ —á—Ç–æ –º–æ–∂–Ω–æ —Å–º–µ–ª–æ  –û—Å—Ç–∞–≤–∏—Ç—å. ‚Äî ùîñùîûùî´ùî° ùîéùîûùî∞ùî±ùî©ùî¢ 17  (–æ–±—Å.) 11:25, 20 –º–∞—è 2022 (UTC)–û—Ç–≤–µ—Ç–∏—Ç—å[–æ—Ç–≤–µ—Ç–∏—Ç—å]
–°–ø–∞—Å–∏–±–æ –±–æ–ª—å—à–æ–µ. Mark Ekimov (–æ–±—Å.) 12:17, 20 –º–∞—è 2022 (UTC)–û—Ç–≤–µ—Ç–∏—Ç—å[–æ—Ç–≤–µ—Ç–∏—Ç—å]
–ò—Ç–æ–≥
–û—Å—Ç–∞–≤–ª–µ–Ω–æ –ø–æ—Å–ª–µ –¥–æ—Ä–∞–±–æ—Ç–∫–∏ Atylotus (–æ–±—Å.) 11:48, 20 –º–∞—è 2022 (UTC)–û—Ç–≤–µ—Ç–∏—Ç—å[–æ—Ç–≤–µ—Ç–∏—Ç—å]

–°–ø–∞—Å–∏–±–æ –±–æ–ª—å—à–æ–µ –∞–≤—Ç–æ—Ä–∞–º. Mark Ekimov (–æ–±—Å.) 12:16, 20 –º–∞—è 2022 (UTC)–û—Ç–≤–µ—Ç–∏—Ç—å[–æ—Ç–≤–µ—Ç–∏—Ç—å]
Mark Ekimov  –°–ø–∞—Å–∏–±–æ ‚Äî ùîñùîûùî´ùî° ùîéùîûùî∞ùî±ùî©ùî¢ 17  (–æ–±—Å.) 12:34, 20 –º–∞—è 2022 (UTC)–û—Ç–≤–µ—Ç–∏—Ç—å[–æ—Ç–≤–µ—Ç–∏—Ç—å]
–£–≥—Ä–µ—à—Å–∫–∏–π –ø—É—Ç–µ–ø—Ä–æ–≤–æ–¥
–ú–∞–ª–µ–Ω—å–∫–∞—è —Å—Ç–∞—Ç—å—è, –∑–Ω–∞—á–∏–º–æ—Å—Ç—å –ø—É—Ç–µ–ø—Ä–æ–≤–æ–¥–∞ –¥–æ–ø—É—Å–∫–∞—é, –Ω–æ –≤ —Å—Ç–∞—Ç—å–µ –æ–Ω–∞ –Ω–µ –ø–æ–∫–∞–∑–∞–Ω–∞. –ò–∑ –≤–Ω—è—Ç–Ω—ã—Ö —Å—Å—ã–ª–æ–∫ ‚Äî –æ–¥–∏–Ω –∞–±–∑–∞—Ü –≤ –≠–Ω—Ü–∏–∫–ª–æ–ø–µ–¥–∏–∏ –ú–æ—Å–∫–≤—ã, –±–æ–ª—å—à–∞—è —á–∞—Å—Ç—å —Å–æ–¥–µ—Ä–∂–∏–º–æ–≥–æ –Ω–∏–∫–∞–∫ —Å–Ω–æ—Å–∫–∞–º–∏ –Ω–µ –ø–æ–∫—Ä—ã—Ç–∞. –ö—Ä–∞—Å–Ω—ã–π—Ö–æ—Ç–∏—Ç–µ –ø–æ–≥–æ–≤–æ—Ä–∏—Ç—å? 20:51, 19 –º–∞—è 2022 (UTC)–û—Ç–≤–µ—Ç–∏—Ç—å[–æ—Ç–≤–µ—Ç–∏—Ç—å]

–≠—Ç–æ ‚Äî –ú–ê–õ–ï–ù–¨–ö–ê–Ø? (–ó–Ω–∞–∫–æ–≤ (–±–µ–∑ –ø—Ä–æ–±–µ–ª–æ–≤): 4688. –ú–¢ –ø–µ—Ä–µ–∫—Ä—ã—Ç—ã –º–Ω–æ–≥–æ-–º–Ω–æ–≥–æ-–º–Ω–æ–≥–æ-–∫—Ä–∞—Ç–Ω–æ...) –ë–æ–ª—å—à–µ –≤–æ–ø—Ä–æ—Å–æ–≤ –Ω–µ –∏–º–µ—é. –í–æ—Ç —Ç–æ–ª—å–∫–æ-—Ç–æ–ª—å–∫–æ –∑–∞–∫–æ–Ω—á–∏–ª–∏ –∑–∞–ø–æ–ª–Ω–µ–Ω–∏–µ —à–∞–±–ª–æ–Ω–∞ ¬´–ü—É—Ç–µ–ø—Ä–æ–≤–æ–¥—ã¬ª ‚Äî —Å–∏—Ä–µ—á—å, –æ–±—ä–µ–∫—Ç—ã, –µ–∂–µ–¥–Ω–µ–≤–Ω–æ (–∏ –∫—Ä—É–≥–ª–æ—Å—É—Ç–æ—á–Ω–æ) –≤–ª–∏—è—é—â–∏–µ –Ω–∞ –∂–∏–∑–Ω—å –±–æ–ª–µ–µ —á–µ–º 10-–º–∏–ª–ª–∏–æ–Ω–Ω–æ–≥–æ –≥–æ—Ä–æ–¥–∞...  –ë—ã—Å—Ç—Ä–æ –æ—Å—Ç–∞–≤–∏—Ç—å--AndreiK (–æ–±—Å.) 11:56, 20 –º–∞—è 2022 (UTC)–û—Ç–≤–µ—Ç–∏—Ç—å[–æ—Ç–≤–µ—Ç–∏—Ç—å]
¬´–≠–Ω—Ü–∏–∫–ª–æ–ø–µ–¥–∏–∏ –ú–æ—Å–∫–≤—ã¬ª ‚Äî —É–∂–µ –±–æ–ª–µ–µ —á–µ–º –¥–æ—Å—Ç–∞—Ç–æ—á–Ω–æ. –ï—Å–ª–∏ —Ö–æ—Ç–∏—Ç–µ –µ—â—ë —á—Ç–æ-—Ç–æ –ø–æ–∫—Ä—ã—Ç—å —Å–Ω–æ—Å–∫–∞–º–∏ (–∑–∞—á–µ–º? –°—Ç–∞—Ç—å—è –∂–µ –ú–ê–õ–ï–ù–¨–ö–ê–Ø, —Å–∞–º–∏ —Å–∫–∞–∑–∞–ª–∏!) ‚Äî –ø–æ–∫—Ä—ã–≤–∞–π—Ç–µ, –í–ü:–ü–°. –ö–£–õ –∫ –í–∞—à–∏–º —É—Å–ª—É–≥–∞–º. --AndreiK (–æ–±—Å.) 12:03, 20 –º–∞—è 2022 (UTC)–û—Ç–≤–µ—Ç–∏—Ç—å[–æ—Ç–≤–µ—Ç–∏—Ç—å]
–ö–æ–ª–ª–µ–≥–∞, —Å–æ–≥–ª–∞—Å–Ω–æ –í–ü:–ë–†–ï–ú–Ø —ç—Ç–æ –≤–∞—à–∞ –∑–∞–¥–∞—á–∞, –∫–∞–∫ –≤–Ω—ë—Å—à–µ–≥–æ –∏–Ω—Ñ–æ—Ä–º–∞—Ü–∏—é, –ø–æ–∫—Ä—ã—Ç—å –µ—ë —Å–Ω–æ—Å–∫–∞–º–∏. –í—Å—ë, —á—Ç–æ –Ω–µ –ø–æ–∫—Ä—ã—Ç–æ —Å–Ω–æ—Å–∫–∞–º–∏, –º–æ–∂–µ—Ç –±—ã—Ç—å —É–¥–∞–ª–µ–Ω–æ –∏–∑ —Å—Ç–∞—Ç—å–∏ (–≤ —Ç–æ–º —á–∏—Å–ª–µ –±–µ–∑ –≤—Å—è–∫–∏—Ö —Ç–∞–º {{–∏—Å—Ç–æ—á–Ω–∏–∫}}). –ï—Å–ª–∏ —Å–º–æ—Ç—Ä–µ—Ç—å —á—Ç–æ –ø–æ–¥—Ç–≤–µ—Ä–∂–¥–µ–Ω–æ —ç–Ω—Ü–∏–∫–ª–æ–ø–µ–¥–∏–µ–π –ú–æ—Å–∫–≤—ã ‚Äî —ç—Ç–æ –≥–æ–¥ –ø–æ—Å—Ç—Ä–æ–π–∫–∏, –∏–Ω–∂–µ–Ω–µ—Ä, –¥–ª–∏–Ω–∞ –∏ —à–∏—Ä–∏–Ω–∞. –¢–∞–±–ª–∏—á–Ω—ã–µ –¥–∞–Ω–Ω—ã–µ, –Ω–µ –≤—ã—Ö–æ–¥—è—â–∏–µ –∑–∞ –ø—Ä–µ–¥–µ–ª—ã –∫–∞—Ä—Ç–æ—á–∫–∏, —á—Ç–æ –Ω–∞ –º–æ–π –≤–∑–≥–ª—è–¥, –Ω—É, –∫–∞–∫-—Ç–æ —Å–ª–∞–±–æ. –Ø –±—ã –≤—ã–Ω–µ—Å —ç—Ç–æ –Ω–∞ –ö–£–õ (—è –≤–æ–æ–±—â–µ –Ω–µ —Ñ–∞–Ω–∞—Ç —É–¥–∞–ª–∏–∑–º–∞), –Ω–æ —Å—á–∏—Ç–∞—é, —á—Ç–æ –≤—ã, –∫–∞–∫ –æ–ø—ã—Ç–Ω—ã–π —É—á–∞—Å—Ç–Ω–∏–∫ –¥–æ–ª–∂–Ω—ã —Å—Ç—ã–¥–∏—Ç—å—Å—è –Ω–∞–ø–∏—Å–∞–Ω–∏—è —Å—Ç–æ–ª—å –Ω–µ–∫–∞—á–µ—Å—Ç–≤–µ–Ω–Ω—ã—Ö —Å—Ç–∞—Ç–µ–π –∏ —Ä–∞–∑ —É–∂ –æ–Ω–æ –≥–æ–¥–∏—Ç—Å—è –Ω–∞ –ö–£, —Ç–æ –ø—É—Å—Ç—å –∏–¥—ë—Ç –Ω–∞ –ö–£. –•–æ—Ç–∏—Ç–µ ‚Äî –º–æ–≥—É –ø–æ—á–∏—Å—Ç–∏—Ç—å —Å—Ç–∞—Ç—å—é –æ—Ç –∏–Ω—Ñ–æ—Ä–º–∞—Ü–∏–∏ –Ω–µ –∑–∞–∫—Ä—ã—Ç–æ–π —Å–Ω–æ—Å–∫–∞–º–∏ –∏ –æ—Ç—Å—É—Ç—Å—Ç–≤—É—é—â–µ–π –≤ –≠–Ω—Ü–∏–∫–ª–æ–ø–µ–¥–∏–∏, –∞ –¥–∞–ª—å—à–µ –ø–æ—Å–º–æ—Ç—Ä–∏–º —É–∂–µ –Ω–∞ —Ä–µ–∑—É–ª—å—Ç–∞—Ç.
–í–æ–æ–±—â–µ, –µ—Å—Ç—å —Å–æ–≤–µ—Ç –≥–ª—É–±–∂–µ —Ä–∞–±–æ—Ç–∞—Ç—å —Å –∏—Å—Ç–æ—á–Ω–∏–∫–∞–º–∏. –ù–∞–ø—Ä–∏–º–µ—Ä, –Ω–µ –¥—É–º–∞–ª–∏ –ª–∏ –≤—ã –ø–æ–∏—Å–∫–∞—Ç—å —Å—Ç–∞—Ç—å—é –∏–∑ –∫–∞–∫–æ–π-–Ω–∏–±—É–¥—å –º–æ—Å–∫–æ–≤—Å–∫–æ–π –≥–∞–∑–µ—Ç—ã –æ–± –æ—Ç–∫—Ä—ã—Ç–∏–∏ –ø—É—Ç–µ–ø—Ä–æ–≤–æ–¥–∞? –ê —Å—Ç–∞—Ç—å—é –æ —Ä–µ–∫–æ–Ω—Å—Ç—Ä—É–∫—Ü–∏–∏, —á—Ç–æ–± –ø–æ–¥—Ç–≤–µ—Ä–¥–∏—Ç—å —Å—Å—ã–ª–∫–æ–π –Ω–∞ –Ω–µ—ë —ç—Ç—É –∏–Ω—Ñ–æ—Ä–º–∞—Ü–∏—é? –í—Å—ë –∂–µ —Å–∫–æ—Ä–µ–µ –≤—Å–µ–≥–æ –ª–µ–∂–∏—Ç –Ω–∞ –ø–æ–≤–µ—Ä—Ö–Ω–æ—Å—Ç–∏. –ö—Ä–∞—Å–Ω—ã–π—Ö–æ—Ç–∏—Ç–µ –ø–æ–≥–æ–≤–æ—Ä–∏—Ç—å? 15:56, 20 –º–∞—è 2022 (UTC)–û—Ç–≤–µ—Ç–∏—Ç—å[–æ—Ç–≤–µ—Ç–∏—Ç—å]
–í—Å—ë, —á—Ç–æ –Ω–µ –ø–æ–∫—Ä—ã—Ç–æ —Å–Ω–æ—Å–∫–∞–º–∏, –º–æ–∂–µ—Ç –±—ã—Ç—å —É–¥–∞–ª–µ–Ω–æ –∏–∑ —Å—Ç–∞—Ç—å–∏¬†‚Äî —ç—Ç–æ –Ω–µ —Ç–∞–∫. –°–Ω–æ—Å–∫–∞ –Ω–∞ –∫–∞–∂–¥—ã–π –∞–±–∑–∞—Ü –æ–±—è–∑–∞—Ç–µ–ª—å–Ω–∞ –ª–∏—à—å –¥–ª—è —Å—Ç–∞—Ç–µ–π, –ø—Ä–µ—Ç–µ–Ω–¥—É—é—â–∏—Ö –Ω–∞ —Å—Ç–∞—Ç—É—Å –•–°/–ò–°, –∏ –Ω–∞—Å—Ç–æ—è—Ç–µ–ª—å–Ω–æ —Ä–µ–∫–æ–º–µ–Ω–¥–æ–≤–∞–Ω–∞ –¥–ª—è —Å—Ç–∞—Ç–µ–π, –ø—Ä–µ—Ç–µ–Ω–¥—É—é—â–∏—Ö –Ω–∞ —Å—Ç–∞—Ç—É—Å –î–°. –í –Ω–µ—Å—Ç–∞—Ç—É—Å–Ω—ã—Ö —Å—Ç–∞—Ç—å—è—Ö —ç—Ç–æ —Å–æ–≤–µ—Ä—à–µ–Ω–Ω–æ –Ω–µ–æ–±—è–∑–∞—Ç–µ–ª—å–Ω–æ, –±–æ–ª–µ–µ —Ç–æ–≥–æ, —Å–Ω–æ—Å–∫–∏ –≤ –ø—Ä–∏–Ω—Ü–∏–ø–µ –Ω–µ –ø—Ä–µ–¥–ø–∏—Å–∞–Ω—ã –ø—Ä–∞–≤–∏–ª–∞–º–∏ –∫–∞–∫ –æ–±—è–∑–∞—Ç–µ–ª—å–Ω—ã–µ –∏ —Å—Ç–∞—Ç—å—è –≤ –ø—Ä–∏–Ω—Ü–∏–ø–µ –º–æ–∂–µ—Ç —Å—É—â–µ—Å—Ç–≤–æ–≤–∞—Ç—å –≤–æ–æ–±—â–µ –±–µ–∑ –Ω–∏—Ö, –µ—Å–ª–∏ —É–∫–∞–∑–∞–Ω—ã –∏—Å—Ç–æ—á–Ω–∏–∫–∏. –§—Ä–µ–¥-–ü—Ä–æ–¥–∞–≤–µ—Ü –∑–≤—ë–∑–¥ (–æ–±—Å.) 14:49, 22 –º–∞—è 2022 (UTC)–û—Ç–≤–µ—Ç–∏—Ç—å[–æ—Ç–≤–µ—Ç–∏—Ç—å]
–î—ã–∫ –≤ —Ç–æ–º-—Ç–æ –∏ –¥–µ–ª–æ, —á—Ç–æ –≤ —ç–Ω—Ü–∏–∫–ª–æ–ø–µ–¥–∏–∏ –ú–æ—Å–∫–≤—ã –º–Ω–æ–≥–∏—Ö –∏–∑ –¥–∞–Ω–Ω—ã—Ö –≤ —Å—Ç–∞—Ç—å–µ –Ω–µ—Ç, –∞ –≤ —Ä–∞–∑–¥–µ–ª–µ —Å—Å—ã–ª–∫–∏ –æ–¥–Ω–∏ –∫–∞—Ä—Ç–æ–≥—Ä–∞—Ñ–∏—á–µ—Å–∫–∏–µ –∏ —Ç—É—Ä–∏—Å—Ç–∏—á–µ—Å–∫–∏–µ —Å–µ—Ä–≤–∏—Å—ã. –ö—Ä–∞—Å–Ω—ã–π—Ö–æ—Ç–∏—Ç–µ –ø–æ–≥–æ–≤–æ—Ä–∏—Ç—å? 20:45, 22 –º–∞—è 2022 (UTC)–û—Ç–≤–µ—Ç–∏—Ç—å[–æ—Ç–≤–µ—Ç–∏—Ç—å]
–≠–º. ¬´–≠–Ω—Ü–∏–∫–ª–æ–ø–µ–¥–∏–∏ –ú–æ—Å–∫–≤—ã¬ª —É–∂–µ –Ω–µ –∏—Å—Ç–æ—á–Ω–∏–∫? –û–±—â–∞—è –∑–Ω–∞—á–∏–º–æ—Å—Ç—å, –ø–µ—Ä–µ–∫—Ä—ã—Ç–∏–µ –ú–¢, –Ω–µ—Ç—Ä–∏–≤–∏–∞–ª—å–Ω–∞—è –∏–Ω—Ñ–æ—Ä–º–∞—Ü–∏—è,  –ë—ã—Å—Ç—Ä–æ –æ—Å—Ç–∞–≤–∏—Ç—å. ‚Äî ùîñùîûùî´ùî° ùîéùîûùî∞ùî±ùî©ùî¢ 17  (–æ–±—Å.) 12:38, 20 –º–∞—è 2022 (UTC)–û—Ç–≤–µ—Ç–∏—Ç—å[–æ—Ç–≤–µ—Ç–∏—Ç—å]
–° —ç–Ω—Ü–∏–∫–ª–æ–ø–µ–¥–∏–µ–π ¬´–ú–æ—Å–∫–≤–∞¬ª –µ—Å—Ç—å —Ç–∞ –ø—Ä–æ–±–ª–µ–º–∞, —á—Ç–æ –æ–ø–∏—Å–∞–Ω–Ω–æ–≥–æ –≤ –Ω–µ–π –æ–±—ä–µ–∫—Ç–∞ —É–∂–µ –Ω–µ —Å—É—â–µ—Å—Ç–≤—É–µ—Ç. –ê –Ω–∞ –Ω–æ–≤—ã–π –∏—Å—Ç–æ—á–Ω–∏–∫–æ–≤ —Ç–æ–ª–∫–æ–º –Ω–µ—Ç. –í–ø—Ä–æ—á–µ–º, –Ω–∞ —Å—Ç–∞—Ä–æ–º —Å–∞–π—Ç–µ —Å—Ç—Ä–æ–∏—Ç–µ–ª—å–Ω–æ–π –æ—Ä–≥–∞–Ω–∏–∑–∞—Ü–∏–∏ –ø–æ–¥—Ä–æ–±–Ω–æ–µ –æ–ø–∏—Å–∞–Ω–∏–µ –ø—É—Ç–µ–ø—Ä–æ–≤–æ–¥–∞ 2000 –≥–æ–¥–∞ —Å–æ—Ö—Ä–∞–Ω–∏–ª–æ—Å—å: [4] (–Ω–æ —ç—Ç–æ –Ω–µ –ø–æ–∫–∞—Ç–∏—Ç –∑–∞ –Ω–µ–∑–∞–≤–∏—Å–∏–º—ã–π –ê–ò). –ï—â—ë –ø—Ä–æ–±–ª–µ–º–∞ –≤ —Ç–æ–º, —á—Ç–æ –æ–±—ä—ë–º —Ä–∞–∑–¥—É—Ç –∑–∞ —Å—á—ë—Ç —Ç–∞–≤—Ç–æ–ª–æ–≥–∏–∏ (–Ω–∞–ø—Ä–∏–º–µ—Ä, ¬´–∞–¥—Ä–µ—Å –æ–±—ä–µ–∫—Ç–∞¬ª, —Å–æ–≤–ø–∞–¥–∞—é—â–∏–π —Å –µ–≥–æ –Ω–∞–∏–º–µ–Ω–æ–≤–∞–Ω–∏–µ–º). AndyVolykhov ‚Üî 20:17, 20 –º–∞—è 2022 (UTC)–û—Ç–≤–µ—Ç–∏—Ç—å[–æ—Ç–≤–µ—Ç–∏—Ç—å]
 –ì–æ—Ç–æ–≤–æ: –ø—Ä–∏–≤–µ–¥—ë–Ω–Ω–∞—è –í–∞–º–∏ —Å—Å—ã–ª–∫–∞ –∑–∞–Ω–µ—Å–µ–Ω–∞ –≤ —Å—Ç–∞—Ç—å—é (–Ω–∞ –ø–µ—Ä–≤–æ–µ –∂–µ –º–µ—Å—Ç–æ). --AndreiK (–æ–±—Å.) 10:32, 14 –∏—é–Ω—è 2022 (UTC)–û—Ç–≤–µ—Ç–∏—Ç—å[–æ—Ç–≤–µ—Ç–∏—Ç—å]
 –ö–æ–º–º–µ–Ω—Ç–∞—Ä–∏–π: –ù–∞—Å—á—ë—Ç ¬´—Ç–∞–≤—Ç–æ–ª–≥–∏–∏¬ª: –í–ü:–ü–°. –í—Å–µ—Ö –∑–∞–∏–Ω—Ç–µ—Ä–µ—Å–æ–≤–∞–Ω–Ω—ã—Ö –∫–∞—Å–∞–µ—Ç—Å—è. –ù–µ–∑–∞–∏–Ω—Ç–µ—Ä–µ—Å–æ–≤–∞–Ω–Ω—ã—Ö ‚Äî —Ç–æ–∂–µ.--AndreiK (–æ–±—Å.) 10:34, 14 –∏—é–Ω—è 2022 (UTC)–û—Ç–≤–µ—Ç–∏—Ç—å[–æ—Ç–≤–µ—Ç–∏—Ç—å]




–ò—Å—Ç–æ—á–Ω–∏–∫ ‚Äî https://ru.wikipedia.org/w/index.php?title=–í–∏–∫–∏–ø–µ–¥–∏—è:–ö_—É–¥–∞–ª–µ–Ω–∏—é/19_–º–∞—è_2022&oldid=131185562
–ö–∞—Ç–µ–≥–æ—Ä–∏—è: –í–∏–∫–∏–ø–µ–¥–∏—è:–ù–µ–∑–∞–∫—Ä—ã—Ç—ã–µ –æ–±—Å—É–∂–¥–µ–Ω–∏—è —É–¥–∞–ª–µ–Ω–∏—è —Å—Ç—Ä–∞–Ω–∏—Ü–°–∫—Ä—ã—Ç–∞—è –∫–∞—Ç–µ–≥–æ—Ä–∏—è: –í–∏–∫–∏–ø–µ–¥–∏—è:–°—Ç—Ä–∞–Ω–∏—Ü—ã —Å –µ–∂–µ–¥–Ω–µ–≤–Ω–æ –æ—á–∏—â–∞–µ–º—ã–º –∫—ç—à–µ–º



–ù–∞–≤–∏–≥–∞—Ü–∏—è



–ü–µ—Ä—Å–æ–Ω–∞–ª—å–Ω—ã–µ –∏–Ω—Å—Ç—Ä—É–º–µ–Ω—Ç—ã



–í—ã –Ω–µ –ø—Ä–µ–¥—Å—Ç–∞–≤–∏–ª–∏—Å—å —Å–∏—Å—Ç–µ–º–µ–û–±—Å—É–∂–¥–µ–Ω–∏–µ–í–∫–ª–∞–¥–°–æ–∑–¥–∞—Ç—å —É—á—ë—Ç–Ω—É—é –∑–∞–ø–∏—Å—å–í–æ–π—Ç–∏






–ü—Ä–æ—Å—Ç—Ä–∞–Ω—Å—Ç–≤–∞ –∏–º—ë–Ω



–í–∏–∫–∏–ø–µ–¥–∏—è–û–±—Å—É–∂–¥–µ–Ω–∏–µ






—Ä—É—Å—Å–∫–∏–π










–ü—Ä–æ—Å–º–æ—Ç—Ä—ã



–ß–∏—Ç–∞—Ç—å–ü—Ä–∞–≤–∏—Ç—å –∫–æ–¥–ò—Å—Ç–æ—Ä–∏—è






–ï—â—ë







–ü–æ–∏—Å–∫

















–ù–∞–≤–∏–≥–∞—Ü–∏—è



–ó–∞–≥–ª–∞–≤–Ω–∞—è —Å—Ç—Ä–∞–Ω–∏—Ü–∞–°–æ–¥–µ—Ä–∂–∞–Ω–∏–µ–ò–∑–±—Ä–∞–Ω–Ω—ã–µ —Å—Ç–∞—Ç—å–∏–°–ª—É—á–∞–π–Ω–∞—è —Å—Ç–∞—Ç—å—è–¢–µ–∫—É—â–∏–µ —Å–æ–±—ã—Ç–∏—è–ü–æ–∂–µ—Ä—Ç–≤–æ–≤–∞—Ç—å





–£—á–∞—Å—Ç–∏–µ



–°–æ–æ–±—â–∏—Ç—å –æ–±¬†–æ—à–∏–±–∫–µ–ö–∞–∫ –ø—Ä–∞–≤–∏—Ç—å —Å—Ç–∞—Ç—å–∏–°–æ–æ–±—â–µ—Å—Ç–≤–æ–§–æ—Ä—É–º–°–≤–µ–∂–∏–µ –ø—Ä–∞–≤–∫–∏–ù–æ–≤—ã–µ —Å—Ç—Ä–∞–Ω–∏—Ü—ã–°–ø—Ä–∞–≤–∫–∞





–ò–Ω—Å—Ç—Ä—É–º–µ–Ω—Ç—ã



–°—Å—ã–ª–∫–∏ —Å—é–¥–∞–°–≤—è–∑–∞–Ω–Ω—ã–µ –ø—Ä–∞–≤–∫–∏–°–ª—É–∂–µ–±–Ω—ã–µ —Å—Ç—Ä–∞–Ω–∏—Ü—ã–ü–æ—Å—Ç–æ—è–Ω–Ω–∞—è —Å—Å—ã–ª–∫–∞–°–≤–µ–¥–µ–Ω–∏—è –æ¬†—Å—Ç—Ä–∞–Ω–∏—Ü–µ–ü–æ–ª—É—á–∏—Ç—å —Å–æ–∫—Ä–∞—â—ë–Ω–Ω—ã–π URL-–∞–¥—Ä–µ—Å





–ü–µ—á–∞—Ç—å/—ç–∫—Å–ø–æ—Ä—Ç



–°–∫–∞—á–∞—Ç—å –∫–∞–∫ PDF–í–µ—Ä—Å–∏—è –¥–ª—è –ø–µ—á–∞—Ç–∏





–ù–∞ –¥—Ä—É–≥–∏—Ö —è–∑—ã–∫–∞—Ö



ƒåe≈°tina

–î–æ–±–∞–≤–∏—Ç—å —Å—Å—ã–ª–∫–∏






 –≠—Ç–∞ —Å—Ç—Ä–∞–Ω–∏—Ü–∞ –≤ –ø–æ—Å–ª–µ–¥–Ω–∏–π —Ä–∞–∑ –±—ã–ª–∞ –æ—Ç—Ä–µ–¥–∞–∫—Ç–∏—Ä–æ–≤–∞–Ω–∞ 20 –∏—é–Ω—è 2023 –≤ 19:24.
–¢–µ–∫—Å—Ç –¥–æ—Å—Ç—É–ø–µ–Ω –ø–æ –ª–∏—Ü–µ–Ω–∑–∏–∏ Creative Commons ¬´–° —É–∫–∞–∑–∞–Ω–∏–µ–º –∞–≤—Ç–æ—Ä—Å—Ç–≤–∞ ‚Äî –° —Å–æ—Ö—Ä–∞–Ω–µ–Ω–∏–µ–º —É—Å–ª–æ–≤–∏–π¬ª (CC BY-SA); –≤ –æ—Ç–¥–µ–ª—å–Ω—ã—Ö —Å–ª—É—á–∞—è—Ö –º–æ–≥—É—Ç –¥–µ–π—Å—Ç–≤–æ–≤–∞—Ç—å –¥–æ–ø–æ–ª–Ω–∏—Ç–µ–ª—å–Ω—ã–µ —É—Å–ª–æ–≤–∏—è.
–ü–æ–¥—Ä–æ–±–Ω–µ–µ —Å–º. –£—Å–ª–æ–≤–∏—è –∏—Å–ø–æ–ª—å–∑–æ–≤–∞–Ω–∏—è.
Wikipedia¬Æ¬†‚Äî –∑–∞—Ä–µ–≥–∏—Å—Ç—Ä–∏—Ä–æ–≤–∞–Ω–Ω—ã–π —Ç–æ–≤–∞—Ä–Ω—ã–π –∑–Ω–∞–∫ –Ω–µ–∫–æ–º–º–µ—Ä—á–µ—Å–∫–æ–π –æ—Ä–≥–∞–Ω–∏–∑–∞—Ü–∏–∏ –§–æ–Ω–¥ –í–∏–∫–∏–º–µ–¥–∏–∞ (Wikimedia Foundation, Inc.)


–ü–æ–ª–∏—Ç–∏–∫–∞ –∫–æ–Ω—Ñ–∏–¥–µ–Ω—Ü–∏–∞–ª—å–Ω–æ—Å—Ç–∏
–û–ø–∏—Å–∞–Ω–∏–µ –í–∏–∫–∏–ø–µ–¥–∏–∏
–û—Ç–∫–∞–∑ –æ—Ç –æ—Ç–≤–µ—Ç—Å—Ç–≤–µ–Ω–Ω–æ—Å—Ç–∏
–°–≤—è–∂–∏—Ç–µ—Å—å —Å –Ω–∞–º–∏
–ö–æ–¥–µ–∫—Å –ø–æ–≤–µ–¥–µ–Ω–∏—è
–†–∞–∑—Ä–∞–±–æ—Ç—á–∏–∫–∏
–°—Ç–∞—Ç–∏—Å—Ç–∏–∫–∞
–ó–∞—è–≤–ª–µ–Ω–∏–µ –æ –∫—É–∫–∏
–ú–æ–±–∏–ª—å–Ω–∞—è –≤–µ—Ä—Å–∏—è",No find special words
